Estado,Fecha,Infectados,Curados,Defunciones,Acumulado,Poblacion,TIncidencia,promedioCO,promedioO3,promedioSO2,promedioCOEsc,promedioO3Esc,promedioSO2Esc
Ciudad de México,2020-01-01,0,0,0,0,8918653,0,0.268011815137954,1,0.860226521507986,268.011815137954,1000,860.226521507986
Ciudad de México,2020-01-02,0,0,0,0,8918653,0,0.164408135723925,1,0.816326530612245,164.408135723925,1000,816.326530612245
Ciudad de México,2020-01-03,0,0,0,0,8918653,0,0.242693796886343,1,0.854029424681599,242.693796886343,1000,854.029424681599
Ciudad de México,2020-01-04,0,0,0,0,8918653,0,0.323019323671497,0.833333333333333,0.898636363636364,323.019323671497,833.333333333333,898.636363636364
Ciudad de México,2020-01-05,0,0,0,0,8918653,0,0.31122907125081,0.966666666666667,0.4,311.22907125081,966.666666666667,400
Ciudad de México,2020-01-06,0,0,0,0,8918653,0,0.552396810369451,0.9125,1,552.396810369451,912.5,1000
Ciudad de México,2020-01-07,0,0,0,0,8918653,0,0.286568753609203,0.90625,0.983333333333333,286.568753609203,906.25,983.333333333333
Ciudad de México,2020-01-08,0,0,0,0,8918653,0,0.42970335561125,0.888888888888889,1,429.70335561125,888.888888888889,1000
Ciudad de México,2020-01-09,0,0,0,0,8918653,0,0.381719083410356,0.916666666666667,0.979166666666667,381.719083410356,916.666666666667,979.166666666667
Ciudad de México,2020-01-10,0,0,0,0,8918653,0,0.326215457474856,0.93,0.93506424308854,326.215457474856,930,935.06424308854
Ciudad de México,2020-01-11,0,0,0,0,8918653,0,0.360834480800156,0.871212121212121,0.96969696969697,360.834480800156,871.212121212121,969.69696969697
Ciudad de México,2020-01-12,0,0,0,0,8918653,0,0.374870600414079,0.907407407407407,1,374.870600414079,907.407407407407,1000
Ciudad de México,2020-01-13,0,0,0,0,8918653,0,0.354657477025898,0.850694444444444,1,354.657477025898,850.694444444444,1000
Ciudad de México,2020-01-14,0,0,0,0,8918653,0,0.354129794461644,0.896103896103896,1,354.129794461644,896.103896103896,1000
Ciudad de México,2020-01-15,0,0,0,0,8918653,0,0.367240487273024,0.797395833333333,1,367.240487273024,797.395833333333,1000
Ciudad de México,2020-01-16,0,0,0,0,8918653,0,0.310418137116507,0.783333333333333,1,310.418137116507,783.333333333333,1000
Ciudad de México,2020-01-17,0,0,0,0,8918653,0,0.297016369047619,0.833333333333333,0.968253968253968,297.016369047619,833.333333333333,968.253968253968
Ciudad de México,2020-01-18,0,0,0,0,8918653,0,0.359323328392622,0.836805555555555,1,359.323328392622,836.805555555555,1000
Ciudad de México,2020-01-19,0,0,0,0,8918653,0,0.199254261363636,1,0.893031910880881,199.254261363636,1000,893.031910880881
Ciudad de México,2020-01-20,0,0,0,0,8918653,0,0.353609587694727,0.742424242424242,0.932539682539683,353.609587694727,742.424242424242,932.539682539683
Ciudad de México,2020-01-21,0,0,0,0,8918653,0,0.427047562459327,0.798717948717949,0.903275227188271,427.047562459327,798.717948717949,903.275227188271
Ciudad de México,2020-01-22,0,0,0,0,8918653,0,0.366951892052848,0.954545454545455,0.957142857142857,366.951892052848,954.545454545455,957.142857142857
Ciudad de México,2020-01-23,0,0,0,0,8918653,0,0.293633958083615,0.857142857142857,0.907749113631466,293.633958083615,857.142857142857,907.749113631466
Ciudad de México,2020-01-24,0,0,0,0,8918653,0,0.321369707303211,0.883333333333333,0.967857142857143,321.369707303211,883.333333333333,967.857142857143
Ciudad de México,2020-01-25,0,0,0,0,8918653,0,0.323694958740725,0.910357142857143,0.952696959790781,323.694958740725,910.357142857143,952.696959790781
Ciudad de México,2020-01-26,0,0,0,0,8918653,0,0.278350340136054,0.866666666666667,0.996336996336996,278.350340136054,866.666666666667,996.336996336996
Ciudad de México,2020-01-27,0,0,0,0,8918653,0,0.269063079777365,0.920634920634921,0.955627705627706,269.063079777365,920.634920634921,955.627705627706
Ciudad de México,2020-01-28,0,0,0,0,8918653,0,0.285950114911785,0.979166666666667,0.925539781129843,285.950114911785,979.166666666667,925.539781129843
Ciudad de México,2020-01-29,0,0,0,0,8918653,0,0.277365073677185,0.890476190476191,0.946359464838567,277.365073677185,890.476190476191,946.359464838567
Ciudad de México,2020-01-30,0,0,0,0,8918653,0,0.200989006135704,0.875,0.91558676830416,200.989006135704,875,915.58676830416
Ciudad de México,2020-01-31,0,0,0,0,8918653,0,0.228135872926246,0.8,0.922588798365196,228.135872926246,800,922.588798365196
Ciudad de México,2020-02-01,0,0,0,0,8918653,0,0.390603431656063,0.767948717948718,1,390.603431656063,767.948717948718,1000
Ciudad de México,2020-02-02,0,0,0,0,8918653,0,0.514012684493234,0.915555555555556,1,514.012684493234,915.555555555556,1000
Ciudad de México,2020-02-03,0,0,0,0,8918653,0,0.223229125946517,0.814814814814815,0.9439348091522,223.229125946517,814.814814814815,943.9348091522
Ciudad de México,2020-02-04,0,0,0,0,8918653,0,0.213973164516643,0.857142857142857,0.873251748251748,213.973164516643,857.142857142857,873.251748251748
Ciudad de México,2020-02-05,0,0,0,0,8918653,0,0.176601731601732,1,0.807692307692308,176.601731601732,1000,807.692307692308
Ciudad de México,2020-02-06,0,0,0,0,8918653,0,0.245833333333333,0.9,0.850277868584505,245.833333333333,900,850.277868584505
Ciudad de México,2020-02-07,0,0,0,0,8918653,0,0.362729892541812,0.851851851851852,0.926844070961718,362.729892541812,851.851851851852,926.844070961718
Ciudad de México,2020-02-08,0,0,0,0,8918653,0,0.3099420917247,0.972222222222222,0.887175324675325,309.9420917247,972.222222222222,887.175324675325
Ciudad de México,2020-02-09,0,0,0,0,8918653,0,0.312329497987393,0.904761904761905,0.957298136645963,312.329497987393,904.761904761905,957.298136645963
Ciudad de México,2020-02-10,0,0,0,0,8918653,0,0.375323773448773,0.767032967032967,1,375.323773448773,767.032967032967,1000
Ciudad de México,2020-02-11,0,0,0,0,8918653,0,0.37643523664233,0.85952380952381,0.979591836734694,376.43523664233,859.52380952381,979.591836734694
Ciudad de México,2020-02-12,0,0,0,0,8918653,0,0.230103205972771,0.9375,0.959463877084014,230.103205972771,937.5,959.463877084014
Ciudad de México,2020-02-13,0,0,0,0,8918653,0,0.318243975952954,0.791666666666667,0.952380952380952,318.243975952954,791.666666666667,952.380952380952
Ciudad de México,2020-02-14,0,0,0,0,8918653,0,0.421903594949294,0.875943104514533,0.96,421.903594949294,875.943104514533,960
Ciudad de México,2020-02-15,0,0,0,0,8918653,0,0.418677032077653,0.783888888888889,0.981340579710145,418.677032077653,783.888888888889,981.340579710145
Ciudad de México,2020-02-16,0,0,0,0,8918653,0,0.307772444946358,0.886666666666667,0.967147435897436,307.772444946358,886.666666666667,967.147435897436
Ciudad de México,2020-02-17,0,0,0,0,8918653,0,0.312951131357473,0.818181818181818,1,312.951131357473,818.181818181818,1000
Ciudad de México,2020-02-18,0,0,0,0,8918653,0,0.362121252807343,0.833333333333333,1,362.121252807343,833.333333333333,1000
Ciudad de México,2020-02-19,0,0,0,0,8918653,0,0.383762215412481,0.86031746031746,0.984848484848485,383.762215412481,860.31746031746,984.848484848485
Ciudad de México,2020-02-20,0,0,0,0,8918653,0,0.248482350293976,0.8125,0.982142857142857,248.482350293976,812.5,982.142857142857
Ciudad de México,2020-02-21,0,0,0,0,8918653,0,0.233654970760234,0.881666666666666,0.954684302870946,233.654970760234,881.666666666666,954.684302870946
Ciudad de México,2020-02-22,0,0,0,0,8918653,0,0.37275707384403,0.805952380952381,1,372.75707384403,805.952380952381,1000
Ciudad de México,2020-02-23,0,0,0,0,8918653,0,0.348776415676873,1,0.989010989010989,348.776415676873,1000,989.010989010989
Ciudad de México,2020-02-24,2,0,0,2,8918653,2.24249110263624E-07,0.306848547587678,1,0.96037296037296,306.848547587678,1000,960.37296037296
Ciudad de México,2020-02-25,0,0,0,2,8918653,2.24249110263624E-07,0.218823795600111,0.875,0.806229860365199,218.823795600111,875,806.229860365199
Ciudad de México,2020-02-26,1,0,0,3,8918653,3.36373665395436E-07,0.29167435221783,0.876666666666667,0.818255274137627,291.67435221783,876.666666666667,818.255274137627
Ciudad de México,2020-02-27,4,0,0,7,8918653,7.84871885922684E-07,0.33111615996513,0.875,0.971590909090909,331.11615996513,875,971.590909090909
Ciudad de México,2020-02-28,1,0,0,8,8918653,8.96996441054496E-07,0.322684986511073,0.875,0.964285714285714,322.684986511073,875,964.285714285714
Ciudad de México,2020-02-29,0,0,0,8,8918653,8.96996441054496E-07,0.357266542980829,0.857142857142857,1,357.266542980829,857.142857142857,1000
Ciudad de México,2020-03-01,0,0,0,8,8918653,8.96996441054496E-07,0.364009012695987,1,1,364.009012695987,1000,1000
Ciudad de México,2020-03-02,0,0,0,8,8918653,8.96996441054496E-07,0.27150626566416,0.9375,1,271.50626566416,937.5,1000
Ciudad de México,2020-03-03,3,0,1,10,8918653,1.12124555131812E-06,0.21665296860949,0.95,0.826731585221288,216.65296860949,950,826.731585221288
Ciudad de México,2020-03-04,3,0,0,13,8918653,1.45761921671356E-06,0.207244076374511,0.875,0.759610075914424,207.244076374511,875,759.610075914424
Ciudad de México,2020-03-05,4,0,0,17,8918653,1.9061174372408E-06,0.33993428069515,0.897727272727273,0.86351714598883,339.93428069515,897.727272727273,863.51714598883
Ciudad de México,2020-03-06,1,0,0,18,8918653,2.01824199237262E-06,0.327037037037037,1,0.745535714285714,327.037037037037,1000,745.535714285714
Ciudad de México,2020-03-07,2,0,0,20,8918653,2.24249110263624E-06,0.262234299516908,1,0.84963768115942,262.234299516908,1000,849.63768115942
Ciudad de México,2020-03-08,3,0,0,23,8918653,2.57886476803167E-06,0.311759955444166,0.833333333333333,0.904761904761905,311.759955444166,833.333333333333,904.761904761905
Ciudad de México,2020-03-09,2,2,0,23,8918653,2.57886476803167E-06,0.302813640607758,0.878787878787879,0.941666666666667,302.813640607758,878.787878787879,941.666666666667
Ciudad de México,2020-03-10,3,0,0,26,8918653,2.91523843342711E-06,0.29554071773637,0.75,0.920634920634921,295.54071773637,750,920.634920634921
Ciudad de México,2020-03-11,16,1,0,41,8918653,4.59710676040429E-06,0.375143125160288,0.852564102564102,0.883116883116883,375.143125160288,852.564102564102,883.116883116883
Ciudad de México,2020-03-12,23,3,0,61,8918653,6.83959786304053E-06,0.283553622197787,0.890625,0.9370670995671,283.553622197787,890.625,937.0670995671
Ciudad de México,2020-03-13,27,1,1,86,8918653,9.64271174133583E-06,0.261270625509756,0.8125,0.93976023976024,261.270625509756,812.5,939.76023976024
Ciudad de México,2020-03-14,22,0,0,108,8918653,1.21094519542357E-05,0.246989417989418,1,1,246.989417989418,1000,1000
Ciudad de México,2020-03-15,10,0,0,118,8918653,1.32306975055538E-05,0.216635079895949,1,0.966666666666667,216.635079895949,1000,966.666666666667
Ciudad de México,2020-03-16,27,0,0,145,8918653,1.62580604941127E-05,0.223007246376812,0.638888888888889,0.958541458541458,223.007246376812,638.888888888889,958.541458541458
Ciudad de México,2020-03-17,36,2,1,178,8918653,1.99581708134625E-05,0.318815923207228,0.738095238095238,0.974747474747475,318.815923207228,738.095238095238,974.747474747475
Ciudad de México,2020-03-18,32,3,0,207,8918653,2.32097829122851E-05,0.328301346801347,0.825757575757576,0.965686274509804,328.301346801347,825.757575757576,965.686274509804
Ciudad de México,2020-03-19,64,4,0,267,8918653,2.99372562201938E-05,0.286516035451962,0.924603174603174,0.965277777777778,286.516035451962,924.603174603174,965.277777777778
Ciudad de México,2020-03-20,36,1,0,302,8918653,3.38616156498072E-05,0.244469228627123,0.733333333333333,0.927777777777778,244.469228627123,733.333333333333,927.777777777778
Ciudad de México,2020-03-21,22,2,0,322,8918653,3.61041067524434E-05,0.209975845410628,0.661111111111111,0.94331983805668,209.975845410628,661.111111111111,943.31983805668
Ciudad de México,2020-03-22,18,3,1,336,8918653,3.76738505242888E-05,0.261111111111111,0.588888888888889,0.802106227106227,261.111111111111,588.888888888889,802.106227106227
Ciudad de México,2020-03-23,44,2,1,377,8918653,4.22709572846931E-05,0.285348516218081,1,0.971153846153846,285.348516218081,1000,971.153846153846
Ciudad de México,2020-03-24,64,3,0,438,8918653,4.91105551477336E-05,0.301469351904134,0.857142857142857,0.935656565656566,301.469351904134,857.142857142857,935.656565656566
Ciudad de México,2020-03-25,46,15,1,468,8918653,5.2474291801688E-05,0.275844375431332,1,0.911990466798159,275.844375431332,1000,911.990466798159
Ciudad de México,2020-03-26,71,22,3,514,8918653,5.76320213377513E-05,0.322957115860698,1,0.948051948051948,322.957115860698,1000,948.051948051948
Ciudad de México,2020-03-27,64,26,4,548,8918653,6.1444256212233E-05,0.338076752440106,0.9375,0.867462774583517,338.076752440106,937.5,867.462774583517
Ciudad de México,2020-03-28,61,22,2,585,8918653,6.559286475211E-05,0.325001848565513,1,0.95062228220123,325.001848565513,1000,950.62228220123
Ciudad de México,2020-03-29,37,9,2,611,8918653,6.85081031855371E-05,0.236581262939958,0.8725,0.932291666666667,236.581262939958,872.5,932.291666666667
Ciudad de México,2020-03-30,78,26,4,659,8918653,7.38900818318641E-05,0.30762077294686,0.75,0.938888888888889,307.62077294686,750,938.888888888889
Ciudad de México,2020-03-31,59,35,7,676,8918653,7.57961992691049E-05,0.246461352657005,1,0.941964285714286,246.461352657005,1000,941.964285714286
Ciudad de México,2020-04-01,69,31,6,708,8918653,7.93841850333229E-05,0.247619047619048,0.5,0.922647527910686,247.619047619048,500,922.647527910686
Ciudad de México,2020-04-02,83,60,6,725,8918653,8.12903024705637E-05,0.22554852876592,0.333333333333333,0.943865740740741,225.54852876592,333.333333333333,943.865740740741
Ciudad de México,2020-04-03,95,31,7,782,8918653,8.76814021130769E-05,0.242959721437982,0.9375,0.824762982115923,242.959721437982,937.5,824.762982115923
Ciudad de México,2020-04-04,64,17,6,823,8918653,9.22785088734812E-05,0.237914078674948,0.75,0.753385899814471,237.914078674948,750,753.385899814471
Ciudad de México,2020-04-05,56,13,6,860,8918653,9.64271174133583E-05,0.200694052324487,1,0.782923013703089,200.694052324487,1000,782.923013703089
Ciudad de México,2020-04-06,140,38,15,947,8918653,0.00010618195371,0.237301587301587,1,0.841240411635148,237.301587301587,1000,841.240411635148
Ciudad de México,2020-04-07,142,56,11,1022,8918653,0.000114591295345,0.206241496598639,1,0.735890795712224,206.241496598639,1000,735.890795712224
Ciudad de México,2020-04-08,133,40,6,1109,8918653,0.000124346131641,0.207224967061924,1,0.812605170273237,207.224967061924,1000,812.605170273237
Ciudad de México,2020-04-09,145,63,17,1174,8918653,0.000131634227725,0.25012077294686,0.8725,0.837244897959184,250.12077294686,872.5,837.244897959184
Ciudad de México,2020-04-10,169,54,26,1263,8918653,0.000141613313131,0.219784804567413,0.75,0.743644748109034,219.784804567413,750,743.644748109034
Ciudad de México,2020-04-11,123,44,24,1318,8918653,0.000147780163664,0.204070048309179,1,0.805253623188406,204.070048309179,1000,805.253623188406
Ciudad de México,2020-04-12,120,24,11,1403,8918653,0.00015731075085,0.150289855072464,1,0.512422360248447,150.289855072464,1000,512.422360248447
Ciudad de México,2020-04-13,284,65,16,1606,8918653,0.000180072035542,0.250195767195767,1,0.803481919083423,250.195767195767,1000,803.481919083423
Ciudad de México,2020-04-14,263,53,26,1790,8918653,0.000200702953686,0.265696091348265,1,0.79408290984378,265.696091348265,1000,794.08290984378
Ciudad de México,2020-04-15,244,59,26,1949,8918653,0.000218530757952,0.271690821256039,1,0.858306277056277,271.690821256039,1000,858.306277056277
Ciudad de México,2020-04-16,264,68,27,2118,8918653,0.000237479807769,0.256002415458937,1,0.938562091503268,256.002415458937,1000,938.562091503268
Ciudad de México,2020-04-17,355,84,23,2366,8918653,0.000265286697442,0.295132850241546,1,0.934343434343434,295.132850241546,1000,934.343434343434
Ciudad de México,2020-04-18,204,45,31,2494,8918653,0.000279638640499,0.331711682037769,1,0.948223039215686,331.711682037769,1000,948.223039215686
Ciudad de México,2020-04-19,208,39,40,2623,8918653,0.000294102708111,0.330540637307555,0.97,0.841142521908776,330.540637307555,970,841.142521908776
Ciudad de México,2020-04-20,482,116,39,2950,8918653,0.000330767437639,0.271497035573122,0.944444444444444,0.755850705666882,271.497035573122,944.444444444444,755.850705666882
Ciudad de México,2020-04-21,470,117,50,3253,8918653,0.000364741177844,0.237620333772508,0.75,0.68471706864564,237.620333772508,750,684.71706864564
Ciudad de México,2020-04-22,440,104,35,3554,8918653,0.000398490668938,0.24018115942029,0.833333333333333,0.616528399137095,240.18115942029,833.333333333333,616.528399137095
Ciudad de México,2020-04-23,396,121,51,3778,8918653,0.000423606569288,0.236866490996926,0.777777777777778,0.707738095238095,236.866490996926,777.777777777778,707.738095238095
Ciudad de México,2020-04-24,557,136,58,4141,8918653,0.000464307782801,0.287222222222222,0.805555553888885,0.798941336441336,287.222222222222,805.555553888885,798.941336441336
Ciudad de México,2020-04-25,293,97,74,4263,8918653,0.000477986978527,0.295708616780045,0.833333333333333,0.809129594820384,295.708616780045,833.333333333333,809.129594820384
Ciudad de México,2020-04-26,256,90,74,4355,8918653,0.000488302437599,0.138599896480331,0.833333333333333,0.617805637774678,138.599896480331,833.333333333333,617.805637774678
Ciudad de México,2020-04-27,530,235,62,4588,8918653,0.000514427458945,0.191369047619048,0.833333333333333,0.652954888249006,191.369047619048,833.333333333333,652.954888249006
Ciudad de México,2020-04-28,599,210,55,4922,8918653,0.000551877060359,0.267965367965368,0.833333333333333,0.537943579798783,267.965367965368,833.333333333333,537.943579798783
Ciudad de México,2020-04-29,627,194,97,5258,8918653,0.000589550910883,0.253758469791078,0.5,0.708116265661023,253.758469791078,500,708.116265661023
Ciudad de México,2020-04-30,589,205,94,5548,8918653,0.000622067031871,0.183674477696217,0.75,0.602819974143504,183.674477696217,750,602.819974143504
Ciudad de México,2020-05-01,379,284,100,5543,8918653,0.000621506409096,0.26687074829932,1,0.540833350884213,266.87074829932,1000,540.833350884213
Ciudad de México,2020-05-02,347,146,70,5674,8918653,0.000636194725818,0.291924289478637,0.75,0.643068428451002,291.924289478637,750,643.068428451002
Ciudad de México,2020-05-03,319,147,85,5761,8918653,0.000645949562114,0.199585921325052,0.705578746650175,0.676442458961256,199.585921325052,705.578746650175,676.442458961256
Ciudad de México,2020-05-04,773,408,84,6042,8918653,0.000677456562106,0.207867494824016,0.833333333333333,0.66115749330035,207.867494824016,833.333333333333,661.15749330035
Ciudad de México,2020-05-05,615,388,98,6171,8918653,0.000691920629718,0.199283126293996,0.40001,0.655756148613291,199.283126293996,400.01,655.756148613291
Ciudad de México,2020-05-06,720,345,102,6444,8918653,0.000722530633269,0.20388198757764,0,0.642049503387792,203.88198757764,0,642.049503387792
Ciudad de México,2020-05-07,751,320,83,6792,8918653,0.000761549978455,0.250907029478458,1,0.852172096908939,250.907029478458,1000,852.172096908939
Ciudad de México,2020-05-08,826,467,99,7052,8918653,0.00079070236279,0.286516563146998,1,0.64945652173913,286.516563146998,1000,649.45652173913
Ciudad de México,2020-05-09,425,199,92,7186,8918653,0.000805727053177,0.270005175983437,0.8,0.751916393941253,270.005175983437,800,751.916393941253
Ciudad de México,2020-05-10,395,171,106,7304,8918653,0.000818957750683,0.158203933747412,0.7,0.686816113391744,158.203933747412,700,686.816113391744
Ciudad de México,2020-05-11,855,444,96,7619,8918653,0.000854276985549,0.242288961038961,0.7,0.525115283267457,242.288961038961,700,525.115283267457
Ciudad de México,2020-05-12,864,493,120,7870,8918653,0.000882420248887,0.273398705331935,0.833333333333333,0.626871526642694,273.398705331935,833.333333333333,626.871526642694
Ciudad de México,2020-05-13,916,501,110,8175,8918653,0.000916618238203,0.263221446473326,0.75,0.698440239793623,263.221446473326,750,698.440239793623
Ciudad de México,2020-05-14,833,490,130,8388,8918653,0.000940500768446,0.295892487429754,0.75,0.757053453792584,295.892487429754,750,757.053453792584
Ciudad de México,2020-05-15,975,257,126,8980,8918653,0.001006878505084,0.267903020892151,1,0.703874929418408,267.903020892151,1000,703.874929418408
Ciudad de México,2020-05-16,628,270,122,9216,8918653,0.001033339900095,0.185714285714286,1,0.616071428571429,185.714285714286,1000,616.071428571429
Ciudad de México,2020-05-17,383,246,145,9208,8918653,0.001032442903654,0.211814182194617,1,0.716326530612245,211.814182194617,1000,716.326530612245
Ciudad de México,2020-05-18,1113,678,141,9502,8918653,0.001065407522862,0.23187748783724,1,0.792684426936297,231.87748783724,1000,792.684426936297
Ciudad de México,2020-05-19,1060,511,127,9924,8918653,0.001112724085128,0.244058222479275,0.666666666666667,0.70391156462585,244.058222479275,666.666666666667,703.91156462585
Ciudad de México,2020-05-20,1072,628,107,10261,8918653,0.001150510060208,0.332274247491639,0.833333333333333,0.875402792696026,332.274247491639,833.333333333333,875.402792696026
Ciudad de México,2020-05-21,994,631,139,10485,8918653,0.001175625960557,0.43357683982684,1,0.853280475563084,433.57683982684,1000,853.280475563084
Ciudad de México,2020-05-22,949,704,115,10615,8918653,0.001190202152724,0.340703933747412,0.833333333333333,0.765101232800813,340.703933747412,833.333333333333,765.101232800813
Ciudad de México,2020-05-23,506,324,114,10683,8918653,0.001197826622473,0.301018257105214,0.888888888888889,0.739068789397737,301.018257105214,888.888888888889,739.068789397737
Ciudad de México,2020-05-24,388,268,129,10674,8918653,0.001196817501477,0.20620882740448,0.944444444444444,0.571266643349023,206.20882740448,944.444444444444,571.266643349023
Ciudad de México,2020-05-25,1066,699,126,10915,8918653,0.001223839519264,0.250545594756121,1,0.643510562119585,250.545594756121,1000,643.510562119585
Ciudad de México,2020-05-26,938,722,123,11008,8918653,0.001234267102891,0.283800800648627,1,0.735521965196335,283.800800648627,1000,735.521965196335
Ciudad de México,2020-05-27,1004,791,109,11112,8918653,0.001245928056625,0.38628053106314,1,0.886724678829942,386.28053106314,1000,886.724678829942
Ciudad de México,2020-05-28,857,704,120,11145,8918653,0.001249628166944,0.30879917184265,0.916666666666666,0.598722144360136,308.79917184265,916.666666666666,598.722144360136
Ciudad de México,2020-05-29,957,821,111,11170,8918653,0.001252431280822,0.246997929606625,0.833333333333333,0.512600494743352,246.997929606625,833.333333333333,512.600494743352
Ciudad de México,2020-05-30,566,478,102,11156,8918653,0.001250861537051,0.139751552795031,0.833333333333333,0.618047628176852,139.751552795031,833.333333333333,618.047628176852
Ciudad de México,2020-05-31,432,272,130,11186,8918653,0.001254225273704,0.203401360544218,0.729166666666667,0.753126405757985,203.401360544218,729.166666666667,753.126405757985
Ciudad de México,2020-06-01,1089,960,114,11201,8918653,0.001255907142031,0.229281135531135,0.625,0.666620408304782,229.281135531135,625,666.620408304782
Ciudad de México,2020-06-02,938,935,104,11100,8918653,0.001244582561963,0.19125,1,0.603952702522496,191.25,1000,603.952702522496
Ciudad de México,2020-06-03,1002,935,120,11047,8918653,0.001238639960541,0.116621376811594,0.964285714285714,0.559308338720103,116.621376811594,964.285714285714,559.308338720103
Ciudad de México,2020-06-04,946,876,112,11005,8918653,0.001233930729226,0.157686733556299,0.928571428571429,0.729609387614695,157.686733556299,928.571428571429,729.609387614695
Ciudad de México,2020-06-05,959,849,105,11010,8918653,0.001234491352001,0.159884229482892,1,0.862145748987854,159.884229482892,1000,862.145748987854
Ciudad de México,2020-06-06,542,421,115,11016,8918653,0.001235164099332,0.2003663003663,1,0.866210371708492,200.3663003663,1000,866.210371708492
Ciudad de México,2020-06-07,402,290,109,11019,8918653,0.001235500472997,0.183974358974359,0.5,0.413690476190476,183.974358974359,500,413.690476190476
Ciudad de México,2020-06-08,1031,924,124,11002,8918653,0.00123359435556,0.204665405151675,0.5,0.331328320802005,204.665405151675,500,331.328320802005
Ciudad de México,2020-06-09,1005,809,104,11094,8918653,0.001243909814632,0.30952380952381,1,0.6513630866673,309.52380952381,1000,651.3630866673
Ciudad de México,2020-06-10,962,874,109,11073,8918653,0.001241555198975,0.224082801256714,0.928571428571429,0.637459896239197,224.082801256714,928.571428571429,637.459896239197
Ciudad de México,2020-06-11,880,718,112,11123,8918653,0.001247161426731,0.142018850714503,0.928571428571429,0.634508454931796,142.018850714503,928.571428571429,634.508454931796
Ciudad de México,2020-06-12,926,847,114,11088,8918653,0.001243237067302,0.14029304029304,0.7,0.507456008719277,140.29304029304,700,507.456008719277
Ciudad de México,2020-06-13,417,454,119,10932,8918653,0.001225745636701,0.146948160535117,1,0.859591285907075,146.948160535117,1000,859.591285907075
Ciudad de México,2020-06-14,346,330,103,10845,8918653,0.001215990800405,0.175641025641026,1,0.829960317460317,175.641025641026,1000,829.960317460317
Ciudad de México,2020-06-15,925,958,76,10736,8918653,0.001203769223895,0.21025641025641,1,0.848484848484848,210.25641025641,1000,848.484848484848
Ciudad de México,2020-06-16,991,825,114,10788,8918653,0.001209599700762,0.224702380952381,1,0.886675563367293,224.702380952381,1000,886.675563367293
Ciudad de México,2020-06-17,955,903,106,10734,8918653,0.001203544974785,0.234615384615385,1,0.874246266553959,234.615384615385,1000,874.246266553959
Ciudad de México,2020-06-18,941,846,98,10731,8918653,0.001203208601119,0.22978021978022,0.5,0.762548562548562,229.78021978022,500,762.548562548562
Ciudad de México,2020-06-19,884,862,89,10664,8918653,0.001195696255926,0.199346305868045,0.75,0.832057823129252,199.346305868045,750,832.057823129252
Ciudad de México,2020-06-20,448,460,66,10586,8918653,0.001186950540625,0.239896878483835,1,0.771892393320965,239.896878483835,1000,771.892393320965
Ciudad de México,2020-06-21,274,307,92,10461,8918653,0.001172934971234,0.31334118779771,0.625,0.817151860744298,313.34118779771,625,817.151860744298
Ciudad de México,2020-06-22,878,931,72,10336,8918653,0.001158919401842,0.366404428904429,1,0.898620823620824,366.404428904429,1000,898.620823620824
Ciudad de México,2020-06-23,888,888,69,10267,8918653,0.001151182807538,0.303910256410256,0.742424242424242,0.838759889920881,303.910256410256,742.424242424242,838.759889920881
Ciudad de México,2020-06-24,806,858,57,10158,8918653,0.001138961231029,0.272627510334277,0.5,0.52844014798902,272.627510334277,500,528.44014798902
Ciudad de México,2020-06-25,838,786,62,10148,8918653,0.001137839985478,0.257164251207729,0.6375,0.42410701215049,257.164251207729,637.5,424.10701215049
Ciudad de México,2020-06-26,923,845,73,10153,8918653,0.001138400608253,0.256868686868687,0.815151515151515,0.76048685613903,256.868686868687,815.151515151515,760.48685613903
Ciudad de México,2020-06-27,377,336,83,10111,8918653,0.001133691376938,0.228543039086517,0.928571428571429,0.861746031746032,228.543039086517,928.571428571429,861.746031746032
Ciudad de México,2020-06-28,318,262,63,10104,8918653,0.001132906505052,0.179154589371981,0.9,0.695078912278401,179.154589371981,900,695.078912278401
Ciudad de México,2020-06-29,982,827,56,10203,8918653,0.00114400683601,0.274850511807034,1,0.766858637394352,274.850511807034,1000,766.858637394352
Ciudad de México,2020-06-30,941,901,71,10172,8918653,0.001140530974801,0.297603174603174,1,0.814611678004535,297.603174603174,1000,814.611678004535
Ciudad de México,2020-07-01,1012,889,75,10220,8918653,0.001145912953447,0.243768115942029,1,0.664184547336721,243.768115942029,1000,664.184547336721
Ciudad de México,2020-07-02,886,856,59,10191,8918653,0.001142661341348,0.230833333333333,1,0.744268400953592,230.833333333333,1000,744.268400953592
Ciudad de México,2020-07-03,948,799,63,10277,8918653,0.00115230405309,0.181823232323232,1,0.762208253849121,181.823232323232,1000,762.208253849121
Ciudad de México,2020-07-04,387,392,73,10199,8918653,0.001143558337789,0.23243961352657,0.9,0.744688162714478,232.43961352657,900,744.688162714478
Ciudad de México,2020-07-05,242,220,62,10159,8918653,0.001139073355584,0.26264880952381,0.833333333333333,0.703656462585034,262.64880952381,833.333333333333,703.656462585034
Ciudad de México,2020-07-06,1007,796,73,10297,8918653,0.001154546544192,0.354676434676435,0.833333333333333,0.731868131868132,354.676434676435,833.333333333333,731.868131868132
Ciudad de México,2020-07-07,965,814,74,10374,8918653,0.001163180134937,0.26042735042735,0.75,0.660155786242743,260.42735042735,750,660.155786242743
Ciudad de México,2020-07-08,960,729,49,10556,8918653,0.001183586803971,0.225722567287785,0.8,0.405100334448161,225.722567287785,800,405.100334448161
Ciudad de México,2020-07-09,755,777,58,10476,8918653,0.001174616839561,0.366006211180124,0.771428571428571,0.65656512605042,366.006211180124,771.428571428571,656.56512605042
Ciudad de México,2020-07-10,883,846,47,10466,8918653,0.00117349559401,0.337020927442123,0.777777777777778,0.570624616256599,337.020927442123,777.777777777778,570.624616256599
Ciudad de México,2020-07-11,418,322,58,10504,8918653,0.001177756327105,0.201630434782609,0.777777777777778,0.592421105464584,201.630434782609,777.777777777778,592.421105464584
Ciudad de México,2020-07-12,264,257,67,10444,8918653,0.001171028853797,0.200093984962406,1,0.784478740214034,200.093984962406,1000,784.478740214034
Ciudad de México,2020-07-13,1086,916,55,10559,8918653,0.001183923177637,0.280549036561265,1,0.69178607913128,280.549036561265,1000,691.78607913128
Ciudad de México,2020-07-14,943,871,67,10564,8918653,0.001184483800412,0.320595561594203,0.928571428571429,0.71566996847048,320.595561594203,928.571428571429,715.66996847048
Ciudad de México,2020-07-15,1229,958,72,10763,8918653,0.001206796586884,0.281794507575758,1,0.645871761089152,281.794507575758,1000,645.871761089152
Ciudad de México,2020-07-16,1151,843,56,11015,8918653,0.001235051974777,0.262149003623188,0.714285714285714,0.70859689702569,262.149003623188,714.285714285714,708.59689702569
Ciudad de México,2020-07-17,1195,901,55,11254,8918653,0.001261849743453,0.208854166666667,0.857142857142857,0.580594333203029,208.854166666667,857.142857142857,580.594333203029
Ciudad de México,2020-07-18,669,333,64,11526,8918653,0.001292347622449,0.25327380952381,1,0.744451406293512,253.27380952381,1000,744.451406293512
Ciudad de México,2020-07-19,273,197,57,11545,8918653,0.001294477988997,0.244444444444444,0.9,0.831668915879442,244.444444444444,900,831.668915879442
Ciudad de México,2020-07-20,1169,949,54,11711,8918653,0.001313090665149,0.342064108251996,1,0.849142336360382,342.064108251996,1000,849.142336360382
Ciudad de México,2020-07-21,1173,905,53,11926,8918653,0.001337197444502,0.268764172335601,1,0.807716914517003,268.764172335601,1000,807.716914517003
Ciudad de México,2020-07-22,1210,914,42,12180,8918653,0.001365677081505,0.268366778149387,1,0.710281082129822,268.366778149387,1000,710.281082129822
Ciudad de México,2020-07-23,1131,713,53,12545,8918653,0.001406602544129,0.253483436853002,1,0.808524046510317,253.483436853002,1000,808.524046510317
Ciudad de México,2020-07-24,1078,828,44,12751,8918653,0.001429700202486,0.261318681318681,1,0.727824287609781,261.318681318681,1000,727.824287609781
Ciudad de México,2020-07-25,565,356,59,12901,8918653,0.001446518885756,0.280448717948718,1,0.76992145916631,280.448717948718,1000,769.92145916631
Ciudad de México,2020-07-26,269,211,53,12906,8918653,0.001447079508531,0.332013457556936,0.666666666666667,0.613777526821005,332.013457556936,666.666666666667,613.777526821005
Ciudad de México,2020-07-27,1074,1021,50,12909,8918653,0.001447415882197,0.264431643235991,0.944444444444444,0.583545230513194,264.431643235991,944.444444444444,583.545230513194
Ciudad de México,2020-07-28,1076,896,47,13042,8918653,0.001462328448029,0.198972766364071,1,0.580789138397834,198.972766364071,1000,580.789138397834
Ciudad de México,2020-07-29,1088,1170,35,12925,8918653,0.001449209875079,0.366666666666667,0.933333333333333,0.685271112093363,366.666666666667,933.333333333333,685.271112093363
Ciudad de México,2020-07-30,1062,1091,58,12838,8918653,0.001439455038782,0.375293591120659,0.788888888888889,0.893279382759021,375.293591120659,788.888888888889,893.279382759021
Ciudad de México,2020-07-31,950,1153,46,12589,8918653,0.001411536024554,0.320075757575758,0.5625,0.798114928549711,320.075757575758,562.5,798.114928549711
Ciudad de México,2020-08-01,549,620,47,12471,8918653,0.001398305327049,0.402087422584317,0.857142857142857,0.916376402646426,402.087422584317,857.142857142857,916.376402646426
Ciudad de México,2020-08-02,269,234,53,12453,8918653,0.001396287085056,0.297254738015607,0.708333333333333,1,297.254738015607,708.333333333333,1000
Ciudad de México,2020-08-03,880,1095,56,12182,8918653,0.001365901330616,0.378543557891384,0.75,0.96547619047619,378.543557891384,750,965.47619047619
Ciudad de México,2020-08-04,1043,1121,54,12050,8918653,0.001351100889338,0.413793995859213,0.861111111111111,0.936786533624478,413.793995859213,861.111111111111,936.786533624478
Ciudad de México,2020-08-05,1024,1152,60,11862,8918653,0.001330021472974,0.23956043956044,0.777777777777778,0.867013888888889,239.56043956044,777.777777777778,867.013888888889
Ciudad de México,2020-08-06,931,1069,42,11682,8918653,0.00130983905305,0.25871237458194,0.833333333333333,0.837639756757404,258.71237458194,833.333333333333,837.639756757404
Ciudad de México,2020-08-07,1009,1028,52,11611,8918653,0.001301878209635,0.169008799171843,1,0.727408008658009,169.008799171843,1000,727.408008658009
Ciudad de México,2020-08-08,479,521,63,11506,8918653,0.001290105131347,0.1625,1,0.701356449874236,162.5,1000,701.356449874236
Ciudad de México,2020-08-09,194,233,33,11434,8918653,0.001282032163377,0.271794871794872,1,0.613636363636364,271.794871794872,1000,613.636363636364
Ciudad de México,2020-08-10,904,1013,48,11277,8918653,0.001264428608221,0.370638238573021,0.882716049382716,0.766751139436806,370.638238573021,882.716049382716,766.751139436806
Ciudad de México,2020-08-11,1046,1026,42,11255,8918653,0.001261961868009,0.360694860694861,0.88,0.814844877344877,360.694860694861,880,814.844877344877
Ciudad de México,2020-08-12,1039,1037,43,11214,8918653,0.001257364761248,0.300042326094958,0.805555555555555,0.789182194616977,300.042326094958,805.555555555555,789.182194616977
Ciudad de México,2020-08-13,1016,999,46,11185,8918653,0.001254113149149,0.260554919908467,1,0.772753623188406,260.554919908467,1000,772.753623188406
Ciudad de México,2020-08-14,1054,906,43,11290,8918653,0.001265886227438,0.382605701281591,0.971428571428571,0.968067226890756,382.605701281591,971.428571428571,968.067226890756
Ciudad de México,2020-08-15,485,504,44,11227,8918653,0.001258822380465,0.363404150197628,0.791666666666667,0.907002801120448,363.404150197628,791.666666666667,907.002801120448
Ciudad de México,2020-08-16,191,223,40,11155,8918653,0.001250749412495,0.212440476190476,1,0.932052353104985,212.440476190476,1000,932.052353104985
Ciudad de México,2020-08-17,1025,823,43,11314,8918653,0.001268577216761,0.283333333333333,0.916666666666667,0.88922305764411,283.333333333333,916.666666666667,889.22305764411
Ciudad de México,2020-08-18,1202,995,46,11475,8918653,0.001286629270138,0.228374741200828,0.809523809523809,0.8,228.374741200828,809.523809523809,800
Ciudad de México,2020-08-19,1148,973,42,11608,8918653,0.00130154183597,0.275916666666667,1,0.876587301587301,275.916666666667,1000,876.587301587301
Ciudad de México,2020-08-20,974,888,49,11645,8918653,0.00130569044451,0.270108695652174,1,0.976923076923077,270.108695652174,1000,976.923076923077
Ciudad de México,2020-08-21,1093,968,39,11731,8918653,0.001315333156251,0.274166666666667,1,0.925227272727273,274.166666666667,1000,925.227272727273
Ciudad de México,2020-08-22,520,435,43,11773,8918653,0.001320042387567,0.22219861660079,0.9,0.877688651218063,222.19861660079,900,877.688651218063
Ciudad de México,2020-08-23,282,156,51,11848,8918653,0.001328451729202,0.12952380952381,0.95,0.888515406162465,129.52380952381,950,888.515406162465
Ciudad de México,2020-08-24,1101,867,44,12038,8918653,0.001349755394677,0.221159420289855,1,0.895736871823828,221.159420289855,1000,895.736871823828
Ciudad de México,2020-08-25,1094,1002,56,12074,8918653,0.001353791878662,0.233596837944664,1,0.776515151515152,233.596837944664,1000,776.515151515152
Ciudad de México,2020-08-26,1457,998,43,12490,8918653,0.001400435693596,0.275,1,0.859180740208408,275,1000,859.180740208408
Ciudad de México,2020-08-27,1276,965,37,12764,8918653,0.001431157821702,0.227776333125303,1,0.767784799870361,227.776333125303,1000,767.784799870361
Ciudad de México,2020-08-28,1305,1009,48,13012,8918653,0.001458964711375,0.385261707988981,0.917857142857143,0.884477182896155,385.261707988981,917.857142857143,884.477182896155
Ciudad de México,2020-08-29,749,452,51,13258,8918653,0.001486547351938,0.295238095238095,1,0.913636363636364,295.238095238095,1000,913.636363636364
Ciudad de México,2020-08-30,263,158,46,13317,8918653,0.00149316270069,0.167045454545455,1,0.723186686782056,167.045454545455,1000,723.186686782056
Ciudad de México,2020-08-31,1075,980,46,13366,8918653,0.001498656803892,0.256404958677686,0.875,0.835563711650668,256.404958677686,875,835.563711650668
Ciudad de México,2020-09-01,1457,1164,61,13598,8918653,0.001524669700682,0.268210564139418,0.944444444444444,0.886994165255035,268.210564139418,944.444444444444,886.994165255035
Ciudad de México,2020-09-02,1498,1108,50,13938,8918653,0.001562792049427,0.252901545095221,1,0.785771591513218,252.901545095221,1000,785.771591513218
Ciudad de México,2020-09-03,1379,940,44,14333,8918653,0.001607081248704,0.202161620364242,1,0.802671378329273,202.161620364242,1000,802.671378329273
Ciudad de México,2020-09-04,1261,1044,50,14500,8918653,0.001625806049411,0.140810704447068,0.95,0.742595124174072,140.810704447068,950,742.595124174072
Ciudad de México,2020-09-05,674,473,46,14655,8918653,0.001643185355457,0.239344532279315,0.916666666666667,0.709486166007905,239.344532279315,916.666666666667,709.486166007905
Ciudad de México,2020-09-06,258,237,47,14629,8918653,0.001640270117023,0.156140350877193,1,0.695158102766798,156.140350877193,1000,695.158102766798
Ciudad de México,2020-09-07,1010,1050,45,14544,8918653,0.001630739529837,0.228458498023715,0.9,0.775691699604743,228.458498023715,900,775.691699604743
Ciudad de México,2020-09-08,1389,1033,40,14860,8918653,0.001666170889259,0.295833333333333,0.75,0.873236426378138,295.833333333333,750,873.236426378138
Ciudad de México,2020-09-09,1327,1411,45,14731,8918653,0.001651706821647,0.25602766798419,1,0.836363636363636,256.02766798419,1000,836.363636363636
Ciudad de México,2020-09-10,1233,1232,49,14683,8918653,0.001646324843,0.339187742082479,0.805555555555556,0.940368455074337,339.187742082479,805.555555555556,940.368455074337
Ciudad de México,2020-09-11,1221,1251,52,14601,8918653,0.00163713062948,0.24280303030303,1,0.864603398993351,242.80303030303,1000,864.603398993351
Ciudad de México,2020-09-12,750,704,52,14595,8918653,0.001636457882149,0.221527777777778,1,0.97733918128655,221.527777777778,1000,977.33918128655
Ciudad de México,2020-09-13,237,220,45,14567,8918653,0.001633318394605,0.128819444444444,1,0.857954545454545,128.819444444444,1000,857.954545454545
Ciudad de México,2020-09-14,1000,1022,46,14499,8918653,0.001625693924856,0.248826436562421,1,0.888610414926204,248.826436562421,1000,888.610414926204
Ciudad de México,2020-09-15,796,1414,55,13826,8918653,0.001550234099252,0.233460184139532,1,0.967676767676768,233.460184139532,1000,967.676767676768
Ciudad de México,2020-09-16,236,1445,39,12578,8918653,0.001410302654448,0.154695767195767,1,0.93126756284651,154.695767195767,1000,931.26756284651
Ciudad de México,2020-09-17,1304,1321,42,12519,8918653,0.001403687305695,0.237152777777778,1,0.87900857312622,237.152777777778,1000,879.00857312622
Ciudad de México,2020-09-18,1171,1223,44,12423,8918653,0.001392923348403,0.280392512077295,1,0.82258295194508,280.392512077295,1000,822.58295194508
Ciudad de México,2020-09-19,655,637,41,12400,8918653,0.001390344483634,0.25943538647343,1,0.789175005751093,259.43538647343,1000,789.175005751093
Ciudad de México,2020-09-20,270,221,34,12415,8918653,0.001392026351961,0.24729770531401,0.666666666666667,0.813521241830065,247.29770531401,666.666666666667,813.521241830065
Ciudad de México,2020-09-21,982,957,36,12404,8918653,0.001390792981855,0.352480158730159,0.866666666666667,0.902173913043478,352.480158730159,866.666666666667,902.173913043478
Ciudad de México,2020-09-22,1271,1345,46,12284,8918653,0.001377338035239,0.394358240033726,0.833333333333333,0.958782394076512,394.358240033726,833.333333333333,958.782394076512
Ciudad de México,2020-09-23,1219,1275,52,12176,8918653,0.001365228583285,0.309810627448967,0.888888888888889,0.938513630089717,309.810627448967,888.888888888889,938.513630089717
Ciudad de México,2020-09-24,1172,1190,43,12115,8918653,0.001358388985422,0.308452380952381,0.5,0.901325757575758,308.452380952381,500,901.325757575758
Ciudad de México,2020-09-25,1163,1171,42,12065,8918653,0.001352782757665,0.383550724637681,0.725,0.925207961972668,383.550724637681,725,925.207961972668
Ciudad de México,2020-09-26,756,714,45,12062,8918653,0.001352446384,0.451954036936874,1,0.870931556237299,451.954036936874,1000,870.931556237299
Ciudad de México,2020-09-27,308,195,54,12121,8918653,0.001359061732753,0.371966873706004,1,0.888478260869565,371.966873706004,1000,888.478260869565
Ciudad de México,2020-09-28,1131,949,38,12265,8918653,0.001375207668692,0.244462545252019,0.958333333333333,0.829046770223241,244.462545252019,958.333333333333,829.046770223241
Ciudad de México,2020-09-29,1240,763,55,12687,8918653,0.001422524230957,0.213840004600874,0.94,0.892397660818713,213.840004600874,940,892.397660818713
Ciudad de México,2020-09-30,1221,200,43,13665,8918653,0.001532182045876,0.304848484848485,1,1,304.848484848485,1000,1000
Ciudad de México,2020-10-01,1193,1236,39,13583,8918653,0.001522987832355,0.299784530083443,1,0.840476190476191,299.784530083443,1000,840.476190476191
Ciudad de México,2020-10-02,1064,1132,48,13467,8918653,0.00150998138396,0.195546497584541,0.5,1,195.546497584541,500,1000
Ciudad de México,2020-10-03,560,614,47,13366,8918653,0.001498656803892,0.176641414141414,0.5,1,176.641414141414,500,1000
Ciudad de México,2020-10-04,237,227,47,13329,8918653,0.001494508195352,0.142878028404344,0.666666666666667,0.713510101010101,142.878028404344,666.666666666667,713.510101010101
Ciudad de México,2020-10-05,1048,929,57,13391,8918653,0.00150145991777,0.210416666666667,0.666666666666667,0.954736705895173,210.416666666667,666.666666666667,954.736705895173
Ciudad de México,2020-10-06,1226,1232,46,13339,8918653,0.001495629440903,0.30155220685112,0.9,0.874074074074074,301.55220685112,900,874.074074074074
Ciudad de México,2020-10-07,1245,1174,32,13378,8918653,0.001500002298553,0.348856364320791,0.916666666666667,1,348.856364320791,916.666666666667,1000
Ciudad de México,2020-10-08,1201,1130,43,13406,8918653,0.001503141786097,0.355588992693736,1,1,355.588992693736,1000,1000
Ciudad de México,2020-10-09,1210,1123,42,13451,8918653,0.001508187391078,0.332409694773825,0.962962962962963,1,332.409694773825,962.962962962963,1000
Ciudad de México,2020-10-10,557,724,48,13236,8918653,0.001484080611725,0.311882135895294,0.964285714285714,0.983333333333333,311.882135895294,964.285714285714,983.333333333333
Ciudad de México,2020-10-11,303,262,42,13235,8918653,0.00148396848717,0.244887736056214,1,0.972810990338164,244.887736056214,1000,972.810990338164
Ciudad de México,2020-10-12,1258,1082,49,13362,8918653,0.001498208305671,0.292822636300897,0.975,0.940769496204279,292.822636300897,975,940.769496204279
Ciudad de México,2020-10-13,1374,1189,44,13503,8918653,0.001514017867945,0.307476943346509,0.880555555555556,0.986946386946387,307.476943346509,880.555555555556,986.946386946387
Ciudad de México,2020-10-14,1232,1167,45,13523,8918653,0.001516260359048,0.238855661881978,0.777777777777778,0.988002628587667,238.855661881978,777.777777777778,988.002628587667
Ciudad de México,2020-10-15,1347,1148,33,13689,8918653,0.001534873035199,0.298931437468987,0.886363636363636,0.964699074074074,298.931437468987,886.363636363636,964.699074074074
Ciudad de México,2020-10-16,1523,1026,42,14144,8918653,0.001585889707784,0.237991880527766,0.65,0.847222222222222,237.991880527766,650,847.222222222222
Ciudad de México,2020-10-17,681,517,43,14265,8918653,0.001599456778955,0.200103305785124,0.6,0.761447852723596,200.103305785124,600,761.447852723596
Ciudad de México,2020-10-18,331,191,51,14354,8918653,0.001609435864362,0.393268654928734,0.72108843537415,0.987654320987654,393.268654928734,721.08843537415,987.654320987654
Ciudad de México,2020-10-19,1879,999,55,15179,8918653,0.001701938622346,0.326534614923943,0.708333333333333,0.949494949494949,326.534614923943,708.333333333333,949.494949494949
Ciudad de México,2020-10-20,1982,1171,44,15946,8918653,0.001787938156132,0.244153020892151,0.683333333333333,1,244.153020892151,683.333333333333,1000
Ciudad de México,2020-10-21,1749,1187,56,16452,8918653,0.001844673181029,0.224478551751279,0.5,0.993464052287582,224.478551751279,500,993.464052287582
Ciudad de México,2020-10-22,1784,1155,42,17039,8918653,0.001910490294891,0.341838345864662,1,1,341.838345864662,1000,1000
Ciudad de México,2020-10-23,1893,1168,52,17712,8918653,0.001985950120495,0.302252471236428,0.964285714285714,0.639669421487603,302.252471236428,964.285714285714,639.669421487603
Ciudad de México,2020-10-24,788,523,40,17937,8918653,0.002011178145399,0.273589950892322,0.904761904761905,0.762896506447578,273.589950892322,904.761904761905,762.896506447578
Ciudad de México,2020-10-25,319,260,48,17948,8918653,0.002012411515506,0.293313570487484,0.933035714285714,0.88474358974359,293.313570487484,933.035714285714,884.74358974359
Ciudad de México,2020-10-26,1986,1214,49,18671,8918653,0.002093477568866,0.411279784981678,0.892857142857143,1,411.279784981678,892.857142857143,1000
Ciudad de México,2020-10-27,1925,1328,41,19227,8918653,0.002155818821519,0.383074450801724,1,0.96078431372549,383.074450801724,1000,960.78431372549
Ciudad de México,2020-10-28,1950,1173,60,19944,8918653,0.002236212127549,0.364519140989729,0.952380952380952,0.984126984126984,364.519140989729,952.380952380952,984.126984126984
Ciudad de México,2020-10-29,1703,1300,42,20305,8918653,0.002276689091951,0.361224578244029,0.8,0.904093567251462,361.224578244029,800,904.093567251462
Ciudad de México,2020-10-30,1542,1467,44,20336,8918653,0.002280164953161,0.229166666666667,0.5,0.858695652173913,229.166666666667,500,858.695652173913
Ciudad de México,2020-10-31,698,638,48,20348,8918653,0.002281510447822,0.302898550724638,0.944444444444444,0.916666666666667,302.898550724638,944.444444444444,916.666666666667
Ciudad de México,2020-11-01,310,289,56,20313,8918653,0.002277586088393,0.235504252006228,0.794642857142857,0.839761904761905,235.504252006228,794.642857142857,839.761904761905
Ciudad de México,2020-11-02,657,1822,49,19099,8918653,0.002141466878462,0.121212121212121,0.9,0.625,121.212121212121,900,625
Ciudad de México,2020-11-03,2163,1920,40,19302,8918653,0.002164228163154,0.253582820688084,1,0.834737076648841,253.582820688084,1000,834.737076648841
Ciudad de México,2020-11-04,2003,1702,64,19539,8918653,0.00219080168272,0.31244019138756,0.879591836734694,0.928571428571429,312.44019138756,879.591836734694,928.571428571429
Ciudad de México,2020-11-05,1958,1734,58,19705,8918653,0.002209414358872,0.287582345191041,0.9375,0.933333333333333,287.582345191041,937.5,933.333333333333
Ciudad de México,2020-11-06,1770,1846,54,19575,8918653,0.002194838166705,0.323435441370224,0.966666666666667,0.941176470588235,323.435441370224,966.666666666667,941.176470588235
Ciudad de México,2020-11-07,832,741,53,19613,8918653,0.0021990988998,0.368475973503147,0.815625,0.917647058823529,368.475973503147,815.625,917.647058823529
Ciudad de México,2020-11-08,345,275,54,19629,8918653,0.002200892892682,0.397919019386411,1,0.976984126984127,397.919019386411,1000,976.984126984127
Ciudad de México,2020-11-09,2411,1936,54,20050,8918653,0.002248097330393,0.395518130497813,0.904761904761905,0.947889147889148,395.518130497813,904.761904761905,947.889147889148
Ciudad de México,2020-11-10,2336,1869,58,20459,8918653,0.002293956273442,0.393528569860092,0.958333333333333,0.942265795206972,393.528569860092,958.333333333333,942.265795206972
Ciudad de México,2020-11-11,2142,1897,52,20652,8918653,0.002315596312582,0.416191963494595,0.958333333333333,0.91657848324515,416.191963494595,958.333333333333,916.57848324515
Ciudad de México,2020-11-12,2025,1662,76,20939,8918653,0.002347776059905,0.414055735930736,0.95,0.848516483516483,414.055735930736,950,848.516483516483
Ciudad de México,2020-11-13,2031,1503,67,21400,8918653,0.002399465479821,0.392422671395026,0.9,0.904761904761905,392.422671395026,900,904.761904761905
Ciudad de México,2020-11-14,930,657,66,21607,8918653,0.002422675262733,0.443163718385905,0.914285714285714,0.914583333333333,443.163718385905,914.285714285714,914.583333333333
Ciudad de México,2020-11-15,424,262,61,21708,8918653,0.002433999842801,0.287621013317608,1,0.72825265936334,287.621013317608,1000,728.25265936334
Ciudad de México,2020-11-16,446,607,75,21472,8918653,0.00240753844779,0.150347222222222,1,0.643789675410229,150.347222222222,1000,643.789675410229
Ciudad de México,2020-11-17,2513,2106,64,21815,8918653,0.0024459971702,0.209731280193237,1,0.624458874458875,209.731280193237,1000,624.458874458875
Ciudad de México,2020-11-18,2173,1941,70,21977,8918653,0.002464161348132,0.267604029424682,0.984375,0.70995670995671,267.604029424682,984.375,709.95670995671
Ciudad de México,2020-11-19,1999,1897,67,22012,8918653,0.002468085707561,0.321409161490683,0.984375,0.874654225906689,321.409161490683,984.375,874.654225906689
Ciudad de México,2020-11-20,2091,1717,75,22311,8918653,0.002501610949546,0.407783189033189,0.831068931068931,1,407.783189033189,831.068931068931,1000
Ciudad de México,2020-11-21,1226,768,69,22700,8918653,0.002545227401492,0.187996031746032,1,0.933333333333333,187.996031746032,1000,933.333333333333
Ciudad de México,2020-11-22,446,286,79,22781,8918653,0.002554309490458,0.205238526570048,0.755555555555556,0.815603514132926,205.238526570048,755.555555555556,815.603514132926
Ciudad de México,2020-11-23,2854,2335,85,23215,8918653,0.002602971547385,0.282572228496141,0.908333333333333,0.989473684210526,282.572228496141,908.333333333333,989.473684210526
Ciudad de México,2020-11-24,2961,2268,70,23838,8918653,0.002672825145232,0.443975005472684,0.912222222222222,1,443.975005472684,912.222222222222,1000
Ciudad de México,2020-11-25,2741,2052,82,24445,8918653,0.002740884750197,0.394164327092295,0.888888888888889,0.991666666666667,394.164327092295,888.888888888889,991.666666666667
Ciudad de México,2020-11-26,2800,1950,76,25219,8918653,0.002827669155869,0.390881556864823,0.929292929292929,0.971533516988063,390.881556864823,929.292929292929,971.533516988063
Ciudad de México,2020-11-27,3054,1951,87,26235,8918653,0.002941587703883,0.461074272877678,0.962962962962963,0.991666666666667,461.074272877678,962.962962962963,991.666666666667
Ciudad de México,2020-11-28,1634,871,80,26918,8918653,0.003018168775038,0.449334189417394,0.915584415584416,1,449.334189417394,915.584415584416,1000
Ciudad de México,2020-11-29,573,345,68,27078,8918653,0.003036108703859,0.45459808156819,0.897959183673469,0.968253968253968,454.59808156819,897.959183673469,968.253968253968
Ciudad de México,2020-11-30,3712,380,98,30312,8918653,0.003398719515155,0.32264081027668,1,1,322.64081027668,1000,1000
Ciudad de México,2020-12-01,3975,2438,113,31736,8918653,0.003558384881663,0.313006220673555,0.925925925925926,0.870995670995671,313.006220673555,925.925925925926,870.995670995671
Ciudad de México,2020-12-02,4326,2085,89,33888,8918653,0.003799676924307,0.260978725380899,1,0.776515151515152,260.978725380899,1000,776.515151515152
Ciudad de México,2020-12-03,4414,1923,77,36302,8918653,0.004070345600395,0.334325785869903,1,0.748946886446886,334.325785869903,1000,748.946886446886
Ciudad de México,2020-12-04,4567,2023,96,38750,8918653,0.004344826511358,0.358522551850641,0.97172619047619,0.721064541519087,358.522551850641,971.72619047619,721.064541519087
Ciudad de México,2020-12-05,2760,1165,81,40264,8918653,0.004514583087827,0.277224596796965,1,0.577253049980323,277.224596796965,1000,577.253049980323
Ciudad de México,2020-12-06,736,369,87,40544,8918653,0.004545977963264,0.29651384808325,0.984375,0.650597981058767,296.51384808325,984.375,650.597981058767
Ciudad de México,2020-12-07,5288,2744,125,42963,8918653,0.004817207262128,0.322045454545455,0.861111111111111,1,322.045454545455,861.111111111111,1000
Ciudad de México,2020-12-08,5025,2879,108,45001,8918653,0.005045717105487,0.353170355208399,0.902777777777778,1,353.170355208399,902.777777777778,1000
Ciudad de México,2020-12-09,5012,2648,108,47257,8918653,0.005298670101864,0.420122655122655,0.916883116883117,1,420.122655122655,916.883116883117,1000
Ciudad de México,2020-12-10,5215,2714,120,49638,8918653,0.005565638667633,0.383973682859682,0.892857142857143,1,383.973682859682,892.857142857143,1000
Ciudad de México,2020-12-11,5108,2946,118,51682,8918653,0.005794821258322,0.396770704688631,1,0.943055555555556,396.770704688631,1000,943.055555555556
Ciudad de México,2020-12-12,2858,1549,124,52867,8918653,0.005927688856154,0.407076023391813,0.916666666666667,0.933794466403162,407.076023391813,916.666666666667,933.794466403162
Ciudad de México,2020-12-13,690,482,116,52959,8918653,0.005938004315226,0.31958290200138,0.902597402597402,0.829545454545455,319.58290200138,902.597402597402,829.545454545455
Ciudad de México,2020-12-14,5392,3600,129,54622,8918653,0.00612446745041,0.293391050598868,0.5,0.890677105988111,293.391050598868,500,890.677105988111
Ciudad de México,2020-12-15,5409,3860,142,56029,8918653,0.00628222669948,0.321602320752862,0.908163265306123,0.770463089542037,321.602320752862,908.163265306123,770.463089542037
Ciudad de México,2020-12-16,5164,4211,136,56846,8918653,0.006373832461023,0.353870851370851,0.766666666666667,0.840031897926635,353.870851370851,766.666666666667,840.031897926635
Ciudad de México,2020-12-17,5167,4297,146,57570,8918653,0.006455010638938,0.321508326564105,0.895833333333333,0.820758189179242,321.508326564105,895.833333333333,820.758189179242
Ciudad de México,2020-12-18,5564,4467,139,58528,8918653,0.006562425962755,0.415938468949052,0.828125,0.806739130434783,415.938468949052,828.125,806.739130434783
Ciudad de México,2020-12-19,2929,2655,150,58652,8918653,0.006576329407591,0.4186687795741,0.792857142857143,0.754154795821462,418.6687795741,792.857142857143,754.154795821462
Ciudad de México,2020-12-20,802,612,151,58691,8918653,0.006580702265241,0.282291666666667,0.96,0.882716049382716,282.291666666667,960,882.716049382716
Ciudad de México,2020-12-21,5518,5141,144,58924,8918653,0.006606827286587,0.38531746031746,0.75,1,385.31746031746,750,1000
Ciudad de México,2020-12-22,5352,4893,156,59227,8918653,0.006640801026792,0.400356829161177,0.778333333333333,1,400.356829161177,778.333333333333,1000
Ciudad de México,2020-12-23,5180,4871,152,59384,8918653,0.006658404581948,0.465836901058415,0.956349206349206,0.955357142857143,465.836901058415,956.349206349206,955.357142857143
Ciudad de México,2020-12-24,4478,5076,152,58634,8918653,0.006574311165599,0.501230972186855,0.914141414141414,0.855666035353535,501.230972186855,914.141414141414,855.666035353535
Ciudad de México,2020-12-25,595,4970,135,54124,8918653,0.006068629421954,0.278977272727273,1,1,278.977272727273,1000,1000
Ciudad de México,2020-12-26,1929,2725,176,53152,8918653,0.005959644354366,0.338917644352427,0.838095238095238,0.912185354691076,338.917644352427,838.095238095238,912.185354691076
Ciudad de México,2020-12-27,1019,564,187,53420,8918653,0.005989693735141,0.379617103420316,0.875,0.890873015873016,379.617103420316,875,890.873015873016
Ciudad de México,2020-12-28,6048,5222,166,54080,8918653,0.006063695941528,0.426463683808128,0.880952380952381,0.94,426.463683808128,880.952380952381,940
Ciudad de México,2020-12-29,6130,5244,176,54790,8918653,0.006143304375672,0.480427520700858,0.835069444444444,1,480.427520700858,835.069444444444,1000
Ciudad de México,2020-12-30,5619,4985,176,55248,8918653,0.006194657421922,0.31039282577326,0.740740740740741,0.947658402203857,310.39282577326,740.740740740741,947.658402203857
Ciudad de México,2020-12-31,4893,4997,161,54983,8918653,0.006164944414812,0.17851688825009,0.666666666666667,0.745981554677207,178.51688825009,666.666666666667,745.981554677207
Ciudad de México,2021-01-01,685,5396,169,50103,8918653,0.005617776585769,0.359505463538072,0.833333333333333,0.784595539333422,359.505463538072,833.333333333333,784.595539333422
Ciudad de México,2021-01-02,1880,2771,193,49019,8918653,0.005496233568006,0.442157242063492,0.761904761904762,0.834427521008403,442.157242063492,761.904761904762,834.427521008403
Ciudad de México,2021-01-03,1090,629,196,49284,8918653,0.005525946575116,0.330488260582011,0.825,0.845269464834682,330.488260582011,825,845.269464834682
Ciudad de México,2021-01-04,6658,5334,194,50414,8918653,0.005652647322415,0.492393389564064,0.812698412698413,0.97,492.393389564064,812.698412698413,970
Ciudad de México,2021-01-05,6669,5176,181,51726,8918653,0.005799754738748,0.389640175442967,0.840952380952381,0.944940476190476,389.640175442967,840.952380952381,944.940476190476
Ciudad de México,2021-01-06,6524,4981,197,53072,8918653,0.005950674389956,0.36033250134051,0.745265151515152,0.941220238095238,360.33250134051,745.265151515152,941.220238095238
Ciudad de México,2021-01-07,6726,4297,168,55333,8918653,0.006204188009109,0.373712761674718,0.773448773448773,0.933333333333333,373.712761674718,773.448773448773,933.333333333333
Ciudad de México,2021-01-08,6618,426,188,61337,8918653,0.00687738383812,0.422820574162679,0.555555555555556,0.977777777777778,422.820574162679,555.555555555556,977.777777777778
Ciudad de México,2021-01-09,3904,1758,188,63295,8918653,0.007096923717068,0.324779234618749,0.73968253968254,0.843621735498166,324.779234618749,739.68253968254,843.621735498166
Ciudad de México,2021-01-10,1309,817,207,63580,8918653,0.007128879215281,0.242436594202899,0.740740740740741,0.69629329004329,242.436594202899,740.740740740741,696.29329004329
Ciudad de México,2021-01-11,7305,5842,225,64818,8918653,0.007267689414534,0.290240183586436,0.795833333333333,0.71643642305407,290.240183586436,795.833333333333,716.43642305407
Ciudad de México,2021-01-12,6850,5943,201,65524,8918653,0.007346849350457,0.270603801169591,0.687291280148423,0.607428025191183,270.603801169591,687.291280148423,607.428025191183
Ciudad de México,2021-01-13,6798,5434,188,66700,8918653,0.007478707827292,0.435886275294044,0.570707070707071,0.835993799229093,435.886275294044,570.707070707071,835.993799229093
Ciudad de México,2021-01-14,6533,4695,204,68334,8918653,0.007661919350377,0.371082602983532,0.728835978835979,0.933333333333333,371.082602983532,728.835978835979,933.333333333333
Ciudad de México,2021-01-15,6239,515,210,73848,8918653,0.008280174147374,0.474320225519882,0.625180375180375,0.933333333333333,474.320225519882,625.180375180375,933.333333333333
Ciudad de México,2021-01-16,3731,1698,191,75690,8918653,0.008486707577927,0.384152217046239,0.812121212121212,0.955494505494505,384.152217046239,812.121212121212,955.494505494505
Ciudad de México,2021-01-17,1084,914,211,75649,8918653,0.008482110471166,0.306238850722546,0.593809523809524,0.813384230503796,306.238850722546,593.809523809524,813.384230503796
Ciudad de México,2021-01-18,6582,6456,214,75561,8918653,0.008472243510315,0.505571188071188,0.664895710350256,0.849305555555556,505.571188071188,664.895710350256,849.305555555556
Ciudad de México,2021-01-19,6417,6479,244,75255,8918653,0.008437933396445,0.400900565737022,0.901984126984127,0.84279532984776,400.900565737022,901.984126984127,842.79532984776
Ciudad de México,2021-01-20,5691,6303,229,74414,8918653,0.008343636645579,0.3455778841042,0.635416666666667,0.869047619047619,345.5778841042,635.416666666667,869.047619047619
Ciudad de México,2021-01-21,5491,6493,197,73215,8918653,0.008209199303976,0.357701904554775,0.593571428571429,0.902892561983471,357.701904554775,593.571428571429,902.892561983471
Ciudad de México,2021-01-22,5482,6384,204,72109,8918653,0.008085189546,0.378281929482377,0.864583333333333,0.978571428571429,378.281929482377,864.583333333333,978.571428571429
Ciudad de México,2021-01-23,3025,3707,204,71223,8918653,0.007985847190153,0.405232848122722,1,0.928104575163399,405.232848122722,1000,928.104575163399
Ciudad de México,2021-01-24,1060,1091,225,70967,8918653,0.007957143304039,0.376580817230274,0.8,0.919642857142857,376.580817230274,800,919.642857142857
Ciudad de México,2021-01-25,5754,7078,242,69401,8918653,0.007781556250703,0.303908830802852,0.809523809523809,0.81301652892562,303.908830802852,809.523809523809,813.01652892562
Ciudad de México,2021-01-26,5836,6619,250,68368,8918653,0.007665731585252,0.359055360828542,0.66,0.966190476190476,359.055360828542,660,966.190476190476
Ciudad de México,2021-01-27,5024,6561,198,66633,8918653,0.007471195482098,0.320165193286246,0.76,0.93,320.165193286246,760,930
Ciudad de México,2021-01-28,4606,6292,192,64755,8918653,0.00726062556756,0.215748353096179,0,0.791759702286018,215.748353096179,0,791.759702286018
Ciudad de México,2021-01-29,4230,6016,187,62782,8918653,0.007039403820285,0.394553090190442,0.751322751322751,1,394.553090190442,751.322751322751,1000
Ciudad de México,2021-01-30,2344,3529,204,61393,8918653,0.006883662813207,0.435094926182739,0.652777777777778,1,435.094926182739,652.777777777778,1000
Ciudad de México,2021-01-31,787,903,201,61076,8918653,0.006848119329231,0.266917003927353,0.785714285714286,0.897612488521579,266.917003927353,785.714285714286,897.612488521579
Ciudad de México,2021-02-01,1114,6365,207,55618,8918653,0.006236143507321,0.205598845598846,0,0.809090909090909,205.598845598846,0,809.090909090909
Ciudad de México,2021-02-02,4450,6183,179,53706,8918653,0.006021761357909,0.40471402905395,0.574074074074074,1,404.71402905395,574.074074074074,1000
Ciudad de México,2021-02-03,3840,5475,179,51892,8918653,0.0058183674149,0.402246164362701,0.920634920634921,0.930555555555556,402.246164362701,920.634920634921,930.555555555556
Ciudad de México,2021-02-04,3606,5271,142,50085,8918653,0.005615758343777,0.425129590833222,0.916666666666667,0.895285087719298,425.129590833222,916.666666666667,895.285087719298
Ciudad de México,2021-02-05,3483,5267,148,48153,8918653,0.005399133703262,0.424298201301059,0.833333333333333,0.958333333333333,424.298201301059,833.333333333333,958.333333333333
Ciudad de México,2021-02-06,1879,2833,147,47052,8918653,0.005275684568062,0.355956915284978,1,0.973684210526316,355.956915284978,1000,973.684210526316
Ciudad de México,2021-02-07,534,872,147,46567,8918653,0.005221304158823,0.345338345864662,1,0.950641025641026,345.338345864662,1000,950.641025641026
Ciudad de México,2021-02-08,3913,5544,149,44787,8918653,0.005021722450688,0.31126653928209,1,0.793338907469342,311.26653928209,1000,793.338907469342
Ciudad de México,2021-02-09,3080,5652,152,42063,8918653,0.004716295162509,0.381950511609603,0.875,0.917647058823529,381.950511609603,875,917.647058823529
Ciudad de México,2021-02-10,2929,4821,129,40042,8918653,0.004489691436588,0.408070922044707,0.857142857142857,0.907411385606874,408.070922044707,857.142857142857,907.411385606874
Ciudad de México,2021-02-11,2622,4444,113,38107,8918653,0.004272730422408,0.287108758391367,0.777380952380952,0.76286231884058,287.108758391367,777.380952380952,762.86231884058
Ciudad de México,2021-02-12,2915,4054,127,36841,8918653,0.004130780735611,0.222910843403874,0.75625,0.734660267268963,222.910843403874,756.25,734.660267268963
Ciudad de México,2021-02-13,1708,2183,133,36233,8918653,0.004062609006091,0.22582683982684,0.75,0.665755297334245,225.82683982684,750,665.755297334245
Ciudad de México,2021-02-14,511,674,137,35933,8918653,0.004028971639551,0.279166666666667,0.666666666666667,0.696805006587615,279.166666666667,666.666666666667,696.805006587615
Ciudad de México,2021-02-15,2944,979,103,37795,8918653,0.004237747561207,0.280942959379224,1,0.675329380764163,280.942959379224,1000,675.329380764163
Ciudad de México,2021-02-16,2769,4290,142,36132,8918653,0.004051284426023,0.262667251807204,1,0.690574576938213,262.667251807204,1000,690.574576938213
Ciudad de México,2021-02-17,2461,3707,126,34760,8918653,0.003897449536382,0.296158492034974,0.916666666666667,0.747185291651695,296.158492034974,916.666666666667,747.185291651695
Ciudad de México,2021-02-18,2401,3476,102,33583,8918653,0.003765478934992,0.392371183938901,0.816326530612245,0.764705882352941,392.371183938901,816.326530612245,764.705882352941
Ciudad de México,2021-02-19,2395,3355,102,32521,8918653,0.003646402657442,0.455244758509464,0.819444444444444,1,455.244758509464,819.444444444444,1000
Ciudad de México,2021-02-20,1337,1750,100,32008,8918653,0.003588882760659,0.370091401023219,0.761904761904762,1,370.091401023219,761.904761904762,1000
Ciudad de México,2021-02-21,465,431,120,31922,8918653,0.003579240048918,0.390076387969565,0.8125,1,390.076387969565,812.5,1000
Ciudad de México,2021-02-22,3014,3790,117,31029,8918653,0.003479112821185,0.363025674363775,1,1,363.025674363775,1000,1000
Ciudad de México,2021-02-23,2705,2975,89,30670,8918653,0.003438860105893,0.323777997364954,0.583333333333333,1,323.777997364954,583.333333333333,1000
Ciudad de México,2021-02-24,2388,2824,108,30126,8918653,0.003377864347901,0.309924614356589,0.833333333333333,0.758333333333333,309.924614356589,833.333333333333,758.333333333333
Ciudad de México,2021-02-25,2369,2519,94,29882,8918653,0.003350505956449,0.346873718386876,0.75,0.873106060606061,346.873718386876,750,873.106060606061
Ciudad de México,2021-02-26,2515,2806,99,29492,8918653,0.003306777379947,0.433122709011835,0.916666666666667,0.964285714285714,433.122709011835,916.666666666667,964.285714285714
Ciudad de México,2021-02-27,1492,1609,91,29284,8918653,0.00328345547248,0.429570049753831,0.633333333333333,0.979166666666667,429.570049753831,633.333333333333,979.166666666667
Ciudad de México,2021-02-28,518,411,101,29290,8918653,0.003284128219811,0.376771866259852,1,0.907051282051282,376.771866259852,1000,907.051282051282
