Fecha,CAM,CCA,MER,PED,SAC,SFE,TAH,UAX,UIZ
1/1/2020,0.6041666666666663,0.39999999999999986,0.6304347826086955,0.37499999999999994,0.14347826086956525,0.12608695652173915,0.47391304347826063,0.0,0.3217391304347825
1/2/2020,0.1857142857142858,0.1190476190476191,0.24285714285714283,0.047619047619047616,0.5190476190476191,0.09523809523809526,0.10952380952380955,0.0,0.10476190476190476
1/3/2020,0.3958333333333333,0.25416666666666665,0.49166666666666675,0.21666666666666667,0.29999999999999993,0.18333333333333335,0.22916666666666666,0.0,0.2833333333333334
1/4/2020,0.32083333333333336,0.4166666666666667,0.45416666666666655,0.3666666666666667,0.5125000000000001,0.24583333333333326,0.20833333333333334,0.2958333333333333,0.25
1/5/2020,0.4333333333333334,0.40416666666666673,0.3916666666666666,0.20833333333333334,0.6333333333333334,0.225,0.3708333333333334,0.44583333333333325,0.42916666666666664
1/6/2020,1.0583333333333333,0.85,0.8708333333333332,0.525,1.1416666666666664,0.49166666666666664,0.5958333333333333,0.8421052631578947,0.5749999999999998
1/7/2020,0.4249999999999999,0.25833333333333336,0.5750000000000001,0.2608695652173913,0.7374999999999999,0.2041666666666667,0.5541666666666666,0.6333333333333334,0.5375000000000001
1/8/2020,0.5833333333333334,0.431578947368421,0.6142857142857143,0.4095238095238095,0.6285714285714284,0.5666666666666665,0.3095238095238095,0.5285714285714286,0.5352941176470589
1/9/2020,0.7708333333333334,0.44999999999999996,1.025,0.36666666666666664,1.1916666666666669,0.3333333333333334,0.5904761904761905,0.44583333333333336,0.0
1/10/2020,0.5791666666666667,0.44166666666666665,0.8666666666666667,0.3333333333333333,0.7708333333333336,0.20434782608695648,0.5083333333333333,0.39166666666666655,0.0
1/11/2020,0.49166666666666664,0.3625,0.8041666666666666,0.25833333333333325,0.5869565217391305,0.19999999999999998,0.5666666666666668,0.43749999999999994,0.0
1/12/2020,0.41666666666666674,0.42916666666666686,0.5708333333333333,0.32916666666666666,0.3666666666666667,0.2833333333333333,0.6041666666666667,0.5458333333333333,0.37499999999999994
1/13/2020,0.6875,0.34999999999999987,0.725,0.33333333333333326,0.8000000000000002,0.19166666666666668,0.4958333333333332,0.6999999999999998,0.4708333333333332
1/14/2020,0.6714285714285715,0.4428571428571428,0.6761904761904763,0.28888888888888886,0.5952380952380951,0.4333333333333334,0.6761904761904761,0.5523809523809523,0.5190476190476191
1/15/2020,0.5916666666666667,0.3624999999999999,0.5041666666666665,0.3333333333333333,0.6124999999999999,0.35833333333333334,0.5260869565217391,0.375,0.7545454545454546
1/16/2020,0.39583333333333326,0.2523809523809524,0.3708333333333333,0.2791666666666666,0.3619047619047619,0.3333333333333333,0.29565217391304344,0.28750000000000003,0.3041666666666667
1/17/2020,0.4708333333333334,0.42083333333333334,0.3833333333333333,0.3125,0.4750000000000001,0.35833333333333334,0.3125,0.39166666666666666,0.4124999999999999
1/18/2020,0.5875000000000001,0.42916666666666664,0.5124999999999998,0.32499999999999996,0.6916666666666668,0.32500000000000007,0.31249999999999994,0.35833333333333334,0.44999999999999996
1/19/2020,0.24583333333333338,0.2541666666666667,0.32083333333333336,0.16875000000000004,0.3166666666666667,0.18333333333333335,0.1875,0.2416666666666667,0.07916666666666668
1/20/2020,0.3523809523809524,0.4476190476190478,0.5210526315789474,0.39444444444444443,0.0,0.3238095238095238,0.45714285714285713,0.4904761904761906,0.3333333333333333
1/21/2020,0.6408333333333334,0.5329166666666666,0.6714285714285715,0.3925,0.0,0.3722727272727273,0.7270833333333333,0.7733333333333333,0.5416666666666669
1/22/2020,0.8916666666666665,0.5666666666666668,0.8583333333333333,0.3833333333333333,0.0,0.21428571428571427,0.45416666666666655,0.5666666666666667,0.4958333333333332
1/23/2020,0.7041666666666666,0.4874999999999999,0.6833333333333336,0.38333333333333325,0.0,0.22083333333333335,0.3083333333333333,0.43750000000000006,0.35833333333333334
1/24/2020,0.4625000000000001,0.37500000000000017,0.37083333333333335,0.24166666666666667,0.0,0.3,0.32499999999999996,0.3958333333333334,0.325
1/25/2020,0.5291666666666665,0.3791666666666666,0.4166666666666665,0.2916666666666667,0.0,0.29999999999999993,0.2625,0.5086956521739129,0.49999999999999994
1/26/2020,0.5285714285714286,0.26666666666666666,0.0,0.17142857142857149,0.0,0.1952380952380952,0.29523809523809513,0.2761904761904762,0.3749999999999999
1/27/2020,0.5124999999999998,0.38333333333333325,0.0,0.2666666666666666,0.0,0.19500000000000003,0.39166666666666666,0.34999999999999987,0.39999999999999997
1/28/2020,0.7999999999999998,0.375,0.0,0.2958333333333334,0.0,0.15416666666666673,0.39166666666666666,0.3,0.3958333333333333
1/29/2020,0.35833333333333334,0.36666666666666653,0.0,0.2499999999999999,0.0,0.25833333333333336,0.5714285714285714,0.3708333333333333,0.4124999999999998
1/30/2020,0.42083333333333317,0.27499999999999997,0.0,0.325,0.0,0.1666666666666667,0.21111111111111114,0.19166666666666668,0.2083333333333334
1/31/2020,0.38333333333333347,0.23749999999999996,0.0,0.2416666666666667,0.0,0.15833333333333338,0.22608695652173902,0.2958333333333333,0.43
2/1/2020,0.2333333333333333,0.4333333333333333,0.0,0.43333333333333346,0.0,0.3904761904761904,0.457142857142857,0.4380952380952382,0.35789473684210527
2/2/2020,0.7708333333333334,0.525,0.0,0.49583333333333335,0.0,0.4625000000000001,0.6333333333333334,0.5916666666666666,0.46249999999999997
2/3/2020,0.3499999999999999,0.1958333333333333,0.0,0.20416666666666658,0.0,0.1458333333333334,0.2608695652173914,0.25833333333333325,0.2708333333333333
2/4/2020,0.48333333333333317,0.2291666666666666,0.0,0.2791666666666665,0.0,0.18749999999999997,0.21666666666666676,0.20000000000000004,0.15416666666666673
2/5/2020,0.24999999999999986,0.1583333333333334,0.0,0.14166666666666672,0.2416666666666666,0.12083333333333339,0.12083333333333336,0.13750000000000004,0.1583333333333334
2/6/2020,0.29583333333333334,0.27499999999999997,0.0,0.22083333333333335,0.24583333333333335,0.1625,0.3333333333333333,0.2166666666666667,0.22500000000000006
2/7/2020,0.7904761904761903,0.5761904761904761,0.7999999999999998,0.5095238095238094,0.7047619047619047,0.3142857142857143,0.4190476190476189,0.4619047619047619,0.5333333333333333
2/8/2020,0.575,0.28333333333333327,0.5291666666666667,0.20000000000000004,0.5708333333333332,0.24583333333333332,0.2874999999999999,0.2374999999999999,0.375
2/9/2020,0.4458333333333333,0.24583333333333324,0.4458333333333333,0.18333333333333338,0.6416666666666667,0.1875,0.33333333333333326,0.31666666666666654,0.31249999999999994
2/10/2020,0.7250000000000002,0.425,0.5916666666666666,0.3190476190476191,0.8833333333333332,0.32083333333333336,0.48260869565217385,0.3833333333333333,0.525
2/11/2020,0.5833333333333334,0.4166666666666667,0.6541666666666667,0.31666666666666665,0.7999999999999999,0.32083333333333336,0.48749999999999977,0.4499999999999999,0.6416666666666667
2/12/2020,0.24583333333333335,0.3083333333333333,0.6100000000000001,0.2666666666666666,0.2875,0.1583333333333334,0.23749999999999993,0.2666666666666666,0.28695652173913033
2/13/2020,0.37894736842105253,0.25,0.36666666666666664,0.36666666666666664,0.664705882352941,0.3714285714285715,0.4285714285714285,0.4238095238095238,0.3222222222222222
2/14/2020,0.4666666666666666,0.55,0.8208333333333333,0.4666666666666666,0.5826086956521739,0.42916666666666675,0.5583333333333332,0.5458333333333333,0.6625
2/15/2020,0.5041666666666665,0.38749999999999996,0.6166666666666668,0.3666666666666667,0.6750000000000003,0.3916666666666666,0.46666666666666656,0.33749999999999997,0.5958333333333333
2/16/2020,0.2416666666666666,0.24999999999999997,0.4208333333333332,0.19565217391304351,0.5750000000000001,0.23333333333333336,0.44583333333333325,0.3583333333333332,0.47916666666666674
2/17/2020,0.4875000000000001,0.42916666666666675,0.6041666666666667,0.3708333333333333,0.775,0.2666666666666667,0.38749999999999996,0.43750000000000006,0.5749999999999998
2/18/2020,0.5999999999999999,0.5541666666666667,0.6666666666666666,0.5909090909090909,0.9624999999999999,0.3785714285714286,0.7222222222222221,0.39999999999999997,0.6521739130434782
2/19/2020,0.6904761904761907,0.6722222222222223,0.6380952380952382,0.4904761904761906,0.7619047619047619,0.46842105263157907,0.27777777777777773,0.3523809523809524,0.635
2/20/2020,0.40833333333333305,0.3791666666666666,0.37499999999999994,0.25833333333333325,0.3142857142857143,0.23333333333333328,0.2782608695652173,0.26666666666666666,0.3208333333333332
2/21/2020,0.275,0.19999999999999998,0.2875,0.1958333333333333,0.36666666666666675,0.24583333333333332,0.22916666666666666,0.20416666666666675,0.2791666666666666
2/22/2020,0.45,0.34166666666666673,0.3208333333333333,0.3083333333333334,0.4874999999999999,0.44999999999999996,0.3375000000000001,0.3458333333333334,0.36666666666666664
2/23/2020,0.5083333333333334,0.2708333333333333,0.47500000000000003,0.25,0.6333333333333334,0.30833333333333335,0.36666666666666664,0.3541666666666666,0.3499999999999999
2/24/2020,0.69,0.34166666666666656,0.47083333333333316,0.19130434782608696,0.6166666666666666,0.2833333333333334,0.2374999999999999,0.3416666666666666,0.4333333333333333
2/25/2020,0.3952380952380951,0.19523809523809527,0.43809523809523804,0.23000000000000007,0.37142857142857144,0.2,0.26666666666666655,0.2476190476190475,0.3333333333333332
2/26/2020,0.225,0.3166666666666667,0.4125000000000001,0.25416666666666665,0.2958333333333333,0.2125,0.47083333333333327,0.3291666666666666,0.3166666666666667
2/27/2020,0.39583333333333326,0.3958333333333334,0.375,0.3583333333333332,0.3083333333333333,0.32499999999999996,0.319047619047619,0.28499999999999986,0.25833333333333336
2/28/2020,0.3499999999999999,0.32916666666666666,0.491304347826087,0.28750000000000003,0.3458333333333334,0.26,0.4000000000000001,0.3416666666666666,0.4041666666666666
2/29/2020,0.5124999999999998,0.32499999999999996,0.4208333333333334,0.2416666666666667,0.35833333333333334,0.0,0.4666666666666666,0.34583333333333327,0.33749999999999997
3/1/2020,0.6041666666666666,0.3624999999999999,0.5291666666666667,0.1863636363636364,0.5458333333333333,0.0,0.3916666666666666,0.42083333333333334,0.4208333333333334
3/2/2020,0.676190476190476,0.17777777777777778,0.6476190476190476,0.29473684210526313,0.5380952380952378,0.0,0.33809523809523806,0.3190476190476191,0.2809523809523809
3/3/2020,0.41666666666666646,0.2708333333333333,0.5708333333333333,0.23750000000000004,0.27499999999999986,0.0,0.2708333333333332,0.325,0.22499999999999998
3/4/2020,0.26363636363636367,0.2041666666666667,0.3789473684210526,0.19166666666666674,0.15833333333333338,0.0,0.17083333333333336,0.2458333333333332,0.1625
3/5/2020,0.4499999999999999,0.34166666666666673,0.39166666666666666,0.30833333333333335,0.4749999999999999,0.0,0.425,0.43750000000000006,0.4416666666666668
3/6/2020,0.3875000000000001,0.4041666666666666,0.36250000000000004,0.28888888888888886,0.24583333333333335,0.0,0.34583333333333327,0.3500000000000001,0.24999999999999997
3/7/2020,0.3416666666666666,0.29999999999999993,0.25416666666666665,0.19999999999999996,0.34166666666666673,0.0,0.4043478260869566,0.2708333333333333,0.2208333333333333
3/8/2020,0.37142857142857144,0.2952380952380952,0.3190476190476189,0.3333333333333333,0.4857142857142859,0.0,0.39047619047619053,0.3428571428571428,0.3428571428571428
3/9/2020,0.3625,0.30000000000000004,0.3583333333333332,0.2791666666666666,0.4791666666666667,0.0,0.3333333333333332,0.3374999999999999,0.3208333333333333
3/10/2020,0.3291666666666667,0.4083333333333332,0.4249999999999999,0.3458333333333334,0.265,0.0,0.2875,0.2416666666666666,0.24999999999999992
3/11/2020,0.5958333333333333,0.5125000000000001,0.6041666666666666,0.43333333333333335,0.46666666666666673,0.0,0.3952380952380953,0.38749999999999996,0.3368421052631579
3/12/2020,0.5416666666666666,0.37916666666666665,0.5958333333333334,0.20833333333333337,0.6999999999999998,0.0,0.3208333333333332,0.32083333333333325,0.4708333333333332
3/13/2020,0.41250000000000003,0.3,0.5458333333333335,0.23333333333333336,0.5124999999999998,0.0,0.2333333333333333,0.29166666666666663,0.3875
3/14/2020,0.27142857142857146,0.1857142857142858,0.35238095238095235,0.17142857142857149,0.5809523809523809,0.0,0.3142857142857142,0.20476190476190476,0.22380952380952382
3/15/2020,0.20000000000000004,0.18750000000000003,0.25833333333333325,0.19583333333333333,0.4625000000000001,0.0,0.26250000000000007,0.2041666666666667,0.32307692307692315
3/16/2020,0.24583333333333332,0.2166666666666666,0.31666666666666665,0.19166666666666668,0.3291666666666667,0.0,0.24583333333333326,0.2374999999999999,0.19565217391304351
3/17/2020,0.4583333333333334,0.28750000000000003,0.5833333333333334,0.1791666666666667,0.5708333333333332,0.0,0.225,0.3374999999999999,0.47083333333333327
3/18/2020,0.6083333333333334,0.3500000000000001,0.6625000000000001,0.17916666666666667,0.6125000000000002,0.0,0.32916666666666655,0.35833333333333334,0.49999999999999994
3/19/2020,0.4833333333333332,0.25384615384615383,0.6333333333333334,0.17500000000000004,0.7333333333333335,0.1666666666666667,0.26521739130434774,0.30416666666666664,0.37083333333333335
3/20/2020,0.37142857142857144,0.0,0.5285714285714286,0.15714285714285717,0.22666666666666677,0.1421052631578948,0.275,0.3095238095238094,0.3857142857142856
3/21/2020,0.26666666666666666,0.0,0.25833333333333336,0.13333333333333333,0.2916666666666667,0.11666666666666668,0.25,0.2333333333333334,0.32083333333333336
3/22/2020,0.32083333333333325,0.0,0.27499999999999997,0.1666666666666667,0.2999999999999999,0.1666666666666667,0.2874999999999999,0.23749999999999985,0.31249999999999994
3/23/2020,0.4749999999999999,0.0,0.4208333333333332,0.19583333333333333,0.36666666666666664,0.1708333333333333,0.29999999999999993,0.27499999999999997,0.4749999999999999
3/24/2020,0.4041666666666665,0.0,0.47083333333333316,0.27499999999999997,0.5208333333333334,0.17500000000000004,0.3652173913043478,0.3625,0.37083333333333335
3/25/2020,0.36666666666666675,0.0,0.39166666666666666,0.24583333333333335,0.5291666666666667,0.14166666666666672,0.28333333333333327,0.36250000000000004,0.43478260869565216
3/26/2020,0.4238095238095238,0.0,0.580952380952381,0.27142857142857146,0.3857142857142856,0.19047619047619047,0.36,0.35714285714285704,0.4476190476190475
3/27/2020,0.5333333333333332,0.0,0.42916666666666664,0.3041666666666666,0.46666666666666673,0.2958333333333333,0.3041666666666667,0.24583333333333324,0.40833333333333327
3/28/2020,0.35000000000000003,0.0,0.325,0.2958333333333333,0.5041666666666668,0.3083333333333333,0.47083333333333327,0.4166666666666667,0.3625
3/29/2020,0.2333333333333333,0.0,0.23749999999999993,0.19166666666666674,0.36250000000000004,0.21250000000000002,0.23333333333333328,0.34583333333333344,0.2833333333333333
3/30/2020,0.3708333333333333,0.0,0.3708333333333333,0.23750000000000004,0.3666666666666667,0.2333333333333334,0.3434782608695653,0.4041666666666666,0.3041666666666667
3/31/2020,0.2666666666666667,0.0,0.2874999999999999,0.18333333333333335,0.38333333333333325,0.1333333333333334,0.28333333333333327,0.32499999999999996,0.2130434782608695
4/1/2020,0.25238095238095243,0.0,0.21428571428571427,0.21904761904761916,0.3999999999999999,0.20476190476190478,0.3095238095238096,0.24285714285714288,0.2285714285714286
4/2/2020,0.205,0.0,0.19999999999999998,0.17500000000000002,0.2791666666666666,0.14090909090909098,0.3304347826086956,0.3041666666666666,0.28260869565217384
4/3/2020,0.3166666666666666,0.0,0.32380952380952377,0.19583333333333333,0.3291666666666666,0.18181818181818185,0.25833333333333336,0.2791666666666666,0.26666666666666655
4/4/2020,0.3166666666666667,0.0,0.36666666666666675,0.16250000000000006,0.37499999999999994,0.20000000000000004,0.25,0.27083333333333337,0.2833333333333334
4/5/2020,0.2291666666666667,0.0,0.2874999999999999,0.17272727272727273,0.3260869565217391,0.20833333333333334,0.2695652173913043,0.22499999999999995,0.18750000000000008
4/6/2020,0.31666666666666665,0.0,0.4208333333333334,0.16250000000000006,0.25,0.2222222222222222,0.23333333333333328,0.2833333333333334,0.34117647058823525
4/7/2020,0.2619047619047619,0.0,0.20000000000000004,0.1,0.3333333333333333,0.13809523809523813,0.20952380952380953,0.23333333333333325,0.26190476190476175
4/8/2020,0.26249999999999996,0.0,0.2958333333333332,0.17500000000000007,0.3333333333333333,0.2066666666666667,0.2541666666666666,0.2249999999999999,0.24782608695652159
4/9/2020,0.26666666666666666,0.0,0.25833333333333336,0.25000000000000006,0.43478260869565216,0.24166666666666667,0.19166666666666668,0.24166666666666672,0.2625
4/10/2020,0.3333333333333333,0.0,0.3375000000000001,0.12500000000000003,0.2916666666666666,0.12500000000000003,0.20434782608695662,0.27499999999999997,0.325
4/11/2020,0.28333333333333327,0.0,0.2916666666666666,0.1041666666666667,0.2583333333333333,0.14166666666666672,0.21666666666666656,0.2416666666666667,0.2208333333333332
4/12/2020,0.20833333333333337,0.0,0.2249999999999999,0.15416666666666667,0.12499999999999999,0.11250000000000003,0.09583333333333334,0.1791666666666667,0.11739130434782612
4/13/2020,0.37000000000000005,0.0,0.3761904761904762,0.17619047619047626,0.3999999999999999,0.18095238095238098,0.2714285714285714,0.30952380952380953,0.33333333333333326
4/14/2020,0.34583333333333327,0.0,0.3499999999999999,0.19166666666666665,0.2956521739130434,0.2041666666666667,0.2727272727272727,0.31249999999999994,0.30000000000000004
4/15/2020,0.32499999999999996,0.0,0.37083333333333335,0.24583333333333338,0.18333333333333335,0.1958333333333334,0.20000000000000004,0.4083333333333335,0.26249999999999996
4/16/2020,0.27916666666666656,0.0,0.39999999999999997,0.2333333333333333,0.2541666666666667,0.1958333333333334,0.16086956521739135,0.3083333333333333,0.22916666666666666
4/17/2020,0.22500000000000006,0.0,0.40416666666666673,0.32083333333333336,0.3583333333333334,0.20833333333333337,0.1875,0.4458333333333333,0.31250000000000006
4/18/2020,0.2958333333333333,0.0,0.42916666666666675,0.3,0.5083333333333333,0.2791666666666667,0.20000000000000004,0.5130434782608696,0.36086956521739133
4/19/2020,0.2523809523809523,0.0,0.4047619047619048,0.3285714285714285,0.5523809523809524,0.30952380952380953,0.1428571428571429,0.4904761904761906,0.27142857142857146
4/20/2020,0.2958333333333332,0.0,0.3125,0.18749999999999997,0.3625,0.19583333333333333,0.27083333333333326,0.4250000000000001,0.325
4/21/2020,0.30000000000000004,0.0,0.3041666666666667,0.1458333333333334,0.42500000000000004,0.18333333333333332,0.18333333333333332,0.265,0.26249999999999996
4/22/2020,0.3541666666666666,0.0,0.42083333333333317,0.2041666666666667,0.325,0.2083333333333333,0.19999999999999998,0.2583333333333333,0.2499999999999999
4/23/2020,0.3541666666666667,0.0,0.4833333333333334,0.13750000000000004,0.36250000000000004,0.14583333333333334,0.2583333333333334,0.2625,0.1826086956521739
4/24/2020,0.3125,0.0,0.40833333333333327,0.2041666666666667,0.4500000000000002,0.2791666666666667,0.30416666666666664,0.31250000000000006,0.2124999999999999
4/25/2020,0.4285714285714287,0.0,0.4857142857142856,0.21428571428571427,0.34761904761904766,0.22857142857142865,0.26500000000000007,0.30476190476190473,0.261904761904762
4/26/2020,0.11250000000000004,0.0,0.1666666666666667,0.12083333333333336,0.17500000000000002,0.14166666666666672,0.1958333333333334,0.16250000000000006,0.19166666666666674
4/27/2020,0.2125,0.0,0.2124999999999999,0.1708333333333334,0.17083333333333336,0.1583333333333334,0.22083333333333333,0.24999999999999997,0.21249999999999994
4/28/2020,0.32083333333333325,0.0,0.35416666666666674,0.19999999999999998,0.2291666666666667,0.18333333333333335,0.3,0.31666666666666665,0.33478260869565213
4/29/2020,0.3499999999999999,0.0,0.3624999999999999,0.20000000000000007,0.2727272727272727,0.17500000000000004,0.23333333333333325,0.3,0.2958333333333333
4/30/2020,0.1708333333333334,0.0,0.18750000000000003,0.15000000000000005,0.20833333333333337,0.21818181818181817,0.11250000000000003,0.21250000000000002,0.1652173913043479
5/1/2020,0.2761904761904761,0.0,0.3952380952380953,0.22380952380952382,0.4,0.21904761904761907,0.20952380952380958,0.3095238095238096,0.24761904761904768
5/2/2020,0.2916666666666667,0.0,0.3416666666666666,0.2208333333333333,0.4291666666666665,0.2708333333333332,0.3291666666666667,0.375,0.32916666666666666
5/3/2020,0.20416666666666664,0.0,0.19166666666666662,0.15833333333333335,0.21666666666666656,0.1541666666666667,0.20000000000000007,0.24999999999999992,0.2291666666666666
5/4/2020,0.2791666666666665,0.0,0.28333333333333327,0.16250000000000003,0.22916666666666655,0.1708333333333334,0.19166666666666674,0.14166666666666672,0.19166666666666657
5/5/2020,0.19166666666666665,0.0,0.22083333333333321,0.17083333333333336,0.18333333333333332,0.21250000000000005,0.255,0.22083333333333324,0.21304347826086942
5/6/2020,0.2478260869565217,0.0,0.23478260869565215,0.1416666666666667,0.19166666666666665,0.20000000000000007,0.25416666666666665,0.20833333333333334,0.20434782608695654
5/7/2020,0.2619047619047619,0.0,0.319047619047619,0.2571428571428571,0.26190476190476186,0.219047619047619,0.2333333333333333,0.22857142857142856,0.24761904761904763
5/8/2020,0.39166666666666666,0.0,0.40833333333333344,0.23333333333333336,0.31249999999999994,0.2166666666666667,0.18333333333333335,0.23333333333333336,0.2958333333333334
5/9/2020,0.25416666666666665,0.0,0.2791666666666666,0.24999999999999997,0.32173913043478264,0.25833333333333336,0.2083333333333334,0.2666666666666668,0.25000000000000006
5/10/2020,0.1166666666666667,0.0,0.15416666666666673,0.16250000000000006,0.17826086956521742,0.1791666666666666,0.16086956521739135,0.13750000000000004,0.15000000000000005
5/11/2020,0.25,0.0,0.2833333333333333,0.2291666666666667,0.25833333333333336,0.3,0.2041666666666667,0.20416666666666672,0.2125
5/12/2020,0.30833333333333324,0.0,0.4565217391304347,0.20416666666666672,0.39999999999999997,0.24583333333333335,0.21666666666666654,0.3083333333333334,0.2791666666666666
5/13/2020,0.3952380952380953,0.0,0.3999999999999999,0.2190476190476191,0.40476190476190466,0.28095238095238095,0.24761904761904763,0.24285714285714288,0.22380952380952385
5/14/2020,0.3291666666666667,0.0,0.5125000000000002,0.275,0.4083333333333335,0.2571428571428571,0.3166666666666667,0.33749999999999997,0.35416666666666674
5/15/2020,0.2791666666666667,0.0,0.43750000000000006,0.27083333333333337,0.39166666666666683,0.26249999999999996,0.2708333333333333,0.2958333333333333,0.25000000000000006
5/16/2020,0.1708333333333333,0.0,0.19166666666666662,0.12500000000000003,0.25000000000000006,0.10000000000000005,0.2749999999999999,0.25,0.19999999999999998
5/17/2020,0.16250000000000006,0.0,0.21666666666666654,0.17083333333333336,0.24583333333333324,0.18750000000000003,0.2541666666666666,0.2916666666666667,0.18749999999999997
5/18/2020,0.27826086956521734,0.0,0.3869565217391303,0.16470588235294123,0.2041666666666667,0.12916666666666674,0.23157894736842108,0.3000000000000001,0.1416666666666667
5/19/2020,0.24761904761904763,0.0,0.3666666666666667,0.0,0.3095238095238095,0.17894736842105272,0.261904761904762,0.3190476190476191,0.21904761904761902
5/20/2020,0.34583333333333327,0.0,0.46250000000000013,0.0,0.37083333333333335,0.28750000000000003,0.2666666666666667,0.4624999999999999,0.26249999999999996
5/21/2020,0.5041666666666668,0.0,0.5875,0.35000000000000003,0.44583333333333336,0.39999999999999997,0.3347826086956522,0.5958333333333333,0.3416666666666666
5/22/2020,0.42916666666666653,0.0,0.6166666666666668,0.25833333333333336,0.3166666666666666,0.2166666666666666,0.3541666666666667,0.5500000000000002,0.24166666666666667
5/23/2020,0.3291666666666666,0.0,0.48750000000000004,0.16250000000000006,0.3666666666666666,0.18750000000000008,0.20454545454545447,0.4416666666666668,0.205
5/24/2020,0.2863636363636364,0.0,0.3304347826086956,0.12727272727272732,0.0,0.16086956521739135,0.1304347826086957,0.27826086956521745,0.15652173913043482
5/25/2020,0.3904761904761904,0.0,0.3571428571428572,0.22380952380952376,0.0,0.18095238095238103,0.27619047619047626,0.24285714285714288,0.24285714285714294
5/26/2020,0.4166666666666667,0.0,0.35000000000000003,0.18750000000000003,0.0,0.20000000000000004,0.2833333333333333,0.2875,0.2958333333333332
5/27/2020,0.4583333333333335,0.0,0.42916666666666675,0.29583333333333334,0.0,0.3,0.43636363636363645,0.3958333333333334,0.3666666666666667
5/28/2020,0.34583333333333327,0.18333333333333335,0.40416666666666656,0.21304347826086953,0.0,0.19583333333333333,0.3166666666666667,0.41666666666666674,0.3458333333333334
5/29/2020,0.3,0.18333333333333326,0.2875,0.1541666666666667,0.0,0.17500000000000002,0.23749999999999993,0.325,0.2374999999999999
5/30/2020,0.15652173913043482,0.09130434782608698,0.14782608695652177,0.08695652173913046,0.0,0.1130434782608696,0.1130434782608696,0.20869565217391303,0.09130434782608698
5/31/2020,0.2523809523809524,0.12380952380952384,0.2190476190476191,0.17619047619047623,0.0,0.1761904761904762,0.1571428571428572,0.26666666666666666,0.12380952380952384
6/1/2020,0.19166666666666657,0.13076923076923078,0.32083333333333325,0.16250000000000003,0.0,0.15416666666666673,0.2875000000000001,0.2624999999999999,0.3083333333333334
6/2/2020,0.17000000000000007,0.0,0.2374999999999999,0.15000000000000005,0.0,0.1666666666666667,0.2041666666666666,0.1791666666666666,0.23749999999999982
6/3/2020,0.1708333333333334,0.0,0.18333333333333332,0.08333333333333337,0.0,0.10434782608695657,0.12500000000000006,0.08750000000000002,0.11250000000000004
6/4/2020,0.20833333333333345,0.0,0.24166666666666659,0.10000000000000005,0.0,0.1208333333333334,0.17826086956521742,0.1458333333333334,0.2124999999999999
6/5/2020,0.19565217391304351,0.0,0.26086956521739124,0.11739130434782612,0.0,0.12173913043478266,0.19130434782608696,0.16153846153846155,0.20869565217391292
6/6/2020,0.2523809523809524,0.0,0.18095238095238098,0.14761904761904765,0.0,0.20476190476190478,0.1857142857142858,0.1428571428571429,0.20476190476190484
6/7/2020,0.25,0.0,0.20416666666666675,0.19583333333333333,0.0,0.20416666666666672,0.12500000000000003,0.12500000000000003,0.1541666666666667
6/8/2020,0.23749999999999996,0.0,0.1,0.14583333333333337,0.0,0.2416666666666666,0.13750000000000007,0.17894736842105266,0.20416666666666672
6/9/2020,0.4238095238095238,0.0,0.42083333333333345,0.18750000000000003,0.0,0.23333333333333336,0.27499999999999997,0.28750000000000003,0.35833333333333334
6/10/2020,0.23181818181818176,0.0,0.33749999999999997,0.1666666666666667,0.0,0.1958333333333334,0.25833333333333325,0.2333333333333334,0.26249999999999984
6/11/2020,0.15217391304347833,0.0,0.19565217391304343,0.09090909090909093,0.0,0.15652173913043485,0.17272727272727276,0.08260869565217395,0.11739130434782612
6/12/2020,0.18095238095238103,0.0,0.17142857142857149,0.1333333333333334,0.0,0.1190476190476191,0.1190476190476191,0.16190476190476197,0.08095238095238097
6/13/2020,0.12083333333333335,0.0,0.1791666666666666,0.20000000000000007,0.0,0.10000000000000002,0.14782608695652177,0.18333333333333338,0.09583333333333337
6/14/2020,0.14166666666666672,0.0,0.19166666666666665,0.1958333333333334,0.0,0.14166666666666672,0.1791666666666667,0.2041666666666667,0.12500000000000003
6/15/2020,0.21249999999999994,0.0,0.2624999999999999,0.13333333333333336,0.0,0.17083333333333336,0.22916666666666666,0.22499999999999998,0.20416666666666652
6/16/2020,0.2291666666666666,0.0,0.2625,0.13333333333333336,0.0,0.2208333333333333,0.1541666666666667,0.24583333333333335,0.19583333333333322
6/17/2020,0.2374999999999999,0.0,0.3333333333333333,0.1666666666666667,0.0,0.2166666666666666,0.18333333333333338,0.0,0.19999999999999993
6/18/2020,0.19523809523809527,0.0,0.29047619047619044,0.18571428571428578,0.0,0.20952380952380953,0.29523809523809524,0.0,0.17619047619047623
6/19/2020,0.21666666666666667,0.0,0.24583333333333332,0.15454545454545454,0.0,0.18750000000000003,0.28695652173913044,0.0,0.19583333333333322
6/20/2020,0.26249999999999996,0.0,0.3708333333333334,0.0,0.0,0.2041666666666667,0.32083333333333325,0.24782608695652175,0.26249999999999996
6/21/2020,0.3541666666666666,0.0,0.3708333333333334,0.0,0.0,0.3458333333333334,0.3260869565217392,0.2625,0.29583333333333334
6/22/2020,0.4124999999999999,0.0,0.4833333333333334,0.0,0.0,0.35000000000000003,0.2708333333333333,0.41250000000000014,0.4208333333333334
6/23/2020,0.36666666666666653,0.0,0.7555555555555555,0.0,0.0,0.24999999999999997,0.3777777777777778,0.2916666666666667,0.32916666666666666
6/24/2020,0.3714285714285715,0.0,0.38571428571428584,0.2523809523809524,0.0,0.30952380952380953,0.21904761904761907,0.2090909090909091,0.17619047619047626
6/25/2020,0.3375000000000001,0.15,0.38333333333333336,0.22499999999999995,0.0,0.23749999999999996,0.19166666666666668,0.2166666666666667,0.2933333333333333
6/26/2020,0.34166666666666673,0.22499999999999995,0.3333333333333333,0.18636363636363634,0.0,0.27499999999999997,0.16250000000000003,0.2499999999999999,0.23749999999999996
6/27/2020,0.25833333333333336,0.1708333333333334,0.2541666666666666,0.1333333333333334,0.0,0.2625,0.2958333333333332,0.25000000000000006,0.23913043478260865
6/28/2020,0.23333333333333328,0.11666666666666671,0.2291666666666666,0.10833333333333335,0.0,0.24166666666666667,0.1333333333333334,0.15000000000000005,0.11666666666666671
6/29/2020,0.32173913043478264,0.2,0.3652173913043478,0.14347826086956528,0.0,0.2782608695652174,0.2846153846153846,0.36086956521739133,0.27391304347826084
6/30/2020,0.38095238095238104,0.2333333333333333,0.43333333333333346,0.18095238095238098,0.0,0.25714285714285706,0.25000000000000006,0.319047619047619,0.2619047619047619
7/1/2020,0.3708333333333334,0.2208333333333334,0.26666666666666666,0.21250000000000005,0.0,0.25416666666666665,0.24583333333333335,0.2416666666666667,0.11666666666666674
7/2/2020,0.2333333333333332,0.23749999999999993,0.22083333333333321,0.26666666666666666,0.0,0.19999999999999998,0.2625,0.22083333333333335,0.17083333333333336
7/3/2020,0.16666666666666674,0.16250000000000003,0.20000000000000004,0.19166666666666674,0.0,0.1416666666666667,0.24583333333333332,0.17499999999999996,0.18000000000000005
7/4/2020,0.23750000000000002,0.2041666666666667,0.24583333333333338,0.22916666666666666,0.0,0.22916666666666663,0.2833333333333334,0.25,0.2291666666666667
7/5/2020,0.2875,0.23333333333333336,0.3000000000000001,0.2166666666666667,0.0,0.23749999999999996,0.18333333333333338,0.29583333333333334,0.31249999999999994
7/6/2020,0.4904761904761906,0.29047619047619044,0.5142857142857143,0.28095238095238095,0.0,0.32857142857142857,0.28095238095238095,0.3222222222222222,0.3428571428571429
7/7/2020,0.3541666666666667,0.24166666666666667,0.26666666666666666,0.2125,0.0,0.2666666666666666,0.20416666666666672,0.27083333333333337,0.3333333333333333
7/8/2020,0.3166666666666667,0.20833333333333334,0.2833333333333333,0.19047619047619052,0.0,0.12000000000000006,0.15833333333333338,0.20000000000000004,0.24583333333333324
7/9/2020,0.42916666666666664,0.3625,0.42083333333333334,0.34583333333333327,0.0,0.2782608695652174,0.42857142857142855,0.44583333333333336,0.3375000000000001
7/10/2020,0.4041666666666664,0.3166666666666667,0.4708333333333332,0.3083333333333333,0.37499999999999994,0.23478260869565218,0.39166666666666666,0.39166666666666655,0.41666666666666646
7/11/2020,0.16086956521739135,0.15217391304347827,0.22608695652173907,0.19130434782608696,0.2826086956521739,0.17391304347826092,0.23043478260869565,0.20434782608695654,0.19130434782608696
7/12/2020,0.280952380952381,0.17619047619047618,0.21428571428571433,0.18571428571428578,0.29523809523809524,0.14761904761904768,0.21578947368421056,0.21428571428571433,0.17142857142857149
7/13/2020,0.35833333333333334,0.275,0.3083333333333333,0.25,0.36666666666666664,0.15454545454545457,0.39999999999999997,0.29166666666666663,0.24166666666666659
7/14/2020,0.45,0.275,0.3541666666666666,0.25833333333333336,0.34583333333333344,0.2333333333333333,0.3916666666666668,0.35416666666666674,0.3708333333333334
7/15/2020,0.38749999999999996,0.26666666666666666,0.30416666666666664,0.2708333333333333,0.3,0.2625,0.23750000000000004,0.28750000000000003,0.27083333333333337
7/16/2020,0.325,0.25833333333333325,0.2666666666666666,0.25,0.3416666666666666,0.20416666666666664,0.30833333333333335,0.2833333333333333,0.31249999999999994
7/17/2020,0.27916666666666673,0.1708333333333334,0.19166666666666668,0.21250000000000002,0.1958333333333334,0.18333333333333338,0.16666666666666674,0.19166666666666674,0.20416666666666672
7/18/2020,0.26190476190476186,0.21428571428571433,0.24761904761904763,0.2571428571428572,0.29047619047619055,0.2285714285714286,0.19047619047619052,0.23809523809523814,0.28095238095238095
7/19/2020,0.22083333333333333,0.22083333333333335,0.19999999999999996,0.0,0.3500000000000001,0.21666666666666676,0.2708333333333333,0.2541666666666667,0.32916666666666655
7/20/2020,0.33749999999999997,0.31250000000000006,0.3333333333333334,0.0,0.4541666666666668,0.27499999999999997,0.3260869565217392,0.42500000000000004,0.41250000000000014
7/21/2020,0.2291666666666666,0.2541666666666666,0.28333333333333327,0.0,0.41250000000000003,0.22083333333333333,0.31052631578947365,0.32083333333333325,0.29999999999999993
7/22/2020,0.3041666666666667,0.22499999999999998,0.2541666666666666,0.0,0.36521739130434777,0.2541666666666666,0.0,0.26249999999999996,0.2652173913043479
7/23/2020,0.23749999999999996,0.26666666666666666,0.26,0.0,0.2666666666666666,0.2416666666666666,0.20416666666666672,0.2791666666666666,0.2333333333333334
7/24/2020,0.29047619047619044,0.24285714285714294,0.2904761904761905,0.0,0.27142857142857146,0.21428571428571433,0.16666666666666666,0.2190476190476191,0.24000000000000005
7/25/2020,0.2291666666666667,0.24166666666666667,0.3083333333333334,0.0,0.27083333333333337,0.20833333333333337,0.26249999999999996,0.2916666666666667,0.3125
7/26/2020,0.4041666666666666,0.3541666666666667,0.36666666666666675,0.0,0.21666666666666667,0.26666666666666666,0.2416666666666667,0.25000000000000006,0.24583333333333338
7/27/2020,0.3789473684210526,0.21428571428571427,0.34166666666666656,0.0,0.1333333333333334,0.2086956521739131,0.12916666666666668,0.15416666666666673,0.18333333333333335
7/28/2020,0.27499999999999986,0.15833333333333335,0.16250000000000006,0.0,0.1791666666666667,0.19166666666666674,0.15000000000000002,0.1458333333333334,0.1416666666666667
7/29/2020,0.43750000000000006,0.34583333333333327,0.3958333333333333,0.38333333333333336,0.29583333333333334,0.35000000000000003,0.275,0.2916666666666667,0.34583333333333327
7/30/2020,0.3904761904761904,0.3904761904761904,0.4666666666666668,0.2333333333333334,0.41904761904761906,0.26315789473684204,0.29523809523809524,0.35714285714285715,0.3714285714285714
7/31/2020,0.3500000000000001,0.26666666666666666,0.4166666666666668,0.19999999999999998,0.4125000000000001,0.2208333333333333,0.23636363636363636,0.2416666666666666,0.375
8/1/2020,0.4583333333333335,0.33333333333333326,0.46250000000000013,0.22222222222222227,0.5954545454545456,0.23043478260869568,0.4791666666666666,0.4166666666666667,0.40416666666666673
8/2/2020,0.275,0.20833333333333337,0.3416666666666666,0.1304347826086957,0.5166666666666667,0.1565217391304348,0.4291666666666667,0.375,0.26956521739130423
8/3/2020,0.45,0.35833333333333334,0.45217391304347837,0.2782608695652174,0.36250000000000004,0.32083333333333336,0.275,0.3000000000000001,0.33809523809523806
8/4/2020,0.4375,0.25416666666666665,0.5458333333333334,0.3,0.5416666666666669,0.2416666666666667,0.3916666666666666,0.4833333333333334,0.4875
8/5/2020,0.19047619047619052,0.17619047619047623,0.27142857142857135,0.1666666666666667,0.25238095238095243,0.1428571428571429,0.23809523809523814,0.19047619047619052,0.2285714285714285
8/6/2020,0.2416666666666666,0.15416666666666667,0.37916666666666665,0.17826086956521742,0.37083333333333335,0.16000000000000003,0.2624999999999999,0.31249999999999994,0.3333333333333333
8/7/2020,0.16666666666666674,0.1166666666666667,0.25833333333333325,0.1166666666666667,0.24583333333333332,0.12083333333333336,0.18695652173913047,0.12500000000000003,0.20416666666666658
8/8/2020,0.16249999999999998,0.11250000000000004,0.22916666666666666,0.08750000000000001,0.19999999999999996,0.1666666666666667,0.16666666666666666,0.13749999999999998,0.1708333333333333
8/9/2020,0.30000000000000004,0.22916666666666666,0.3333333333333334,0.1708333333333333,0.3958333333333334,0.2875,0.18333333333333335,0.22499999999999998,0.3333333333333334
8/10/2020,0.4875000000000001,0.27916666666666656,0.5666666666666668,0.23333333333333328,0.5041666666666667,0.28333333333333327,0.3416666666666666,0.3833333333333333,0.4791666666666667
8/11/2020,0.37142857142857144,0.3333333333333333,0.36363636363636365,0.39523809523809533,0.3952380952380953,0.3238095238095238,0.3619047619047619,0.4000000000000001,0.4095238095238095
8/12/2020,0.40833333333333327,0.24583333333333326,0.45833333333333354,0.29166666666666663,0.3473684210526316,0.2666666666666666,0.22916666666666663,0.26249999999999996,0.30833333333333335
8/13/2020,0.18947368421052638,0.13750000000000004,0.38333333333333325,0.15000000000000002,0.3391304347826087,0.18333333333333335,0.25833333333333336,0.2541666666666667,0.36666666666666653
8/14/2020,0.3333333333333333,0.24583333333333335,0.6666666666666666,0.23749999999999993,0.45833333333333326,0.20833333333333337,0.39166666666666666,0.47500000000000003,0.5260869565217392
8/15/2020,0.2875,0.20416666666666658,0.5916666666666669,0.18333333333333335,0.5708333333333333,0.2416666666666666,0.4166666666666666,0.46666666666666684,0.4541666666666669
8/16/2020,0.12083333333333335,0.13750000000000004,0.35000000000000003,0.1458333333333334,0.2666666666666667,0.15833333333333338,0.22857142857142856,0.3125,0.27499999999999997
8/17/2020,0.2666666666666666,0.19047619047619052,0.32857142857142857,0.20952380952380953,0.29047619047619044,0.22380952380952376,0.3428571428571428,0.280952380952381,0.4666666666666667
8/18/2020,0.13333333333333336,0.16250000000000003,0.2625,0.19166666666666674,0.2956521739130435,0.13809523809523813,0.2791666666666666,0.2791666666666667,0.3541666666666667
8/19/2020,0.17500000000000002,0.27083333333333326,0.2791666666666667,0.29583333333333334,0.26666666666666666,0.19999999999999996,0.23333333333333328,0.3541666666666667,0.3541666666666667
8/20/2020,0.19166666666666668,0.2249999999999999,0.32083333333333336,0.2625,0.32608695652173914,0.18333333333333332,0.24999999999999997,0.3,0.36666666666666675
8/21/2020,0.17499999999999996,0.2249999999999999,0.32916666666666666,0.2416666666666666,0.3666666666666667,0.18750000000000003,0.26250000000000007,0.3458333333333334,0.43750000000000006
8/22/2020,0.15,0.14583333333333334,0.24999999999999992,0.14166666666666672,0.2916666666666667,0.06818181818181819,0.35000000000000003,0.3124999999999999,0.3583333333333332
8/23/2020,0.004761904761904762,0.12857142857142861,0.18571428571428578,0.10952380952380955,0.2285714285714286,0.08095238095238097,0.15238095238095242,0.12857142857142861,0.18571428571428578
8/24/2020,0.1625,0.2166666666666666,0.32500000000000007,0.2333333333333333,0.28750000000000003,0.15833333333333335,0.1782608695652174,0.20416666666666664,0.2708333333333333
8/25/2020,0.13333333333333333,0.20833333333333337,0.3541666666666667,0.25833333333333325,0.32083333333333336,0.1695652173913044,0.2625,0.21666666666666667,0.31666666666666665
8/26/2020,0.16250000000000003,0.23333333333333328,0.3458333333333334,0.2874999999999999,0.3666666666666667,0.22916666666666663,0.325,0.3083333333333333,0.3583333333333334
8/27/2020,0.25000000000000006,0.25000000000000006,0.31666666666666665,0.25789473684210534,0.23750000000000002,0.32499999999999996,0.22173913043478263,0.1875,0.2217391304347826
8/28/2020,0.4333333333333333,0.38333333333333336,0.5916666666666667,0.3083333333333333,0.4666666666666668,0.3666666666666667,0.44583333333333336,0.35833333333333334,0.4791666666666667
8/29/2020,0.2761904761904762,0.3047619047619048,0.34285714285714286,0.261904761904762,0.41904761904761917,0.319047619047619,0.2666666666666668,0.28095238095238095,0.37619047619047624
8/30/2020,0.1625,0.20416666666666675,0.18333333333333335,0.1958333333333334,0.15833333333333335,0.225,0.1708333333333334,0.14166666666666675,0.15416666666666676
8/31/2020,0.32499999999999984,0.2916666666666666,0.38333333333333336,0.25217391304347825,0.24583333333333335,0.2416666666666666,0.24782608695652175,0.2416666666666667,0.3291666666666667
9/1/2020,0.32916666666666666,0.24583333333333324,0.45833333333333326,0.24583333333333324,0.2541666666666667,0.2666666666666666,0.2666666666666667,0.30416666666666675,0.3695652173913043
9/2/2020,0.24166666666666656,0.2208333333333333,0.37499999999999994,0.19166666666666662,0.31304347826086953,0.22916666666666666,0.2958333333333334,0.2708333333333333,0.36666666666666664
9/3/2020,0.14782608695652175,0.1695652173913044,0.24782608695652159,0.16521739130434784,0.18695652173913044,0.19565217391304354,0.2956521739130435,0.2260869565217391,0.29999999999999993
9/4/2020,0.10000000000000005,0.12857142857142861,0.23809523809523797,0.1857142857142858,0.2,0.11428571428571432,0.20476190476190476,0.1190476190476191,0.07272727272727272
9/5/2020,0.16666666666666666,0.2125,0.27499999999999997,0.18750000000000003,0.4375,0.1708333333333333,0.29583333333333334,0.29166666666666663,0.24166666666666667
9/6/2020,0.07500000000000001,0.14583333333333337,0.1791666666666666,0.08750000000000002,0.24166666666666672,0.12916666666666674,0.28333333333333327,0.18421052631578952,0.1166666666666667
9/7/2020,0.17500000000000004,0.2791666666666667,0.31666666666666665,0.21666666666666667,0.2166666666666667,0.17499999999999996,0.3130434782608696,0.3041666666666667,0.23750000000000004
9/8/2020,0.36250000000000004,0.30000000000000004,0.4041666666666668,0.2416666666666667,0.39999999999999997,0.27499999999999997,0.2874999999999999,0.29583333333333345,0.3458333333333334
9/9/2020,0.36666666666666675,0.24999999999999992,0.3541666666666667,0.20416666666666672,0.31249999999999994,0.2166666666666667,0.3166666666666666,0.26666666666666666,0.3
9/10/2020,0.4526315789473684,0.2857142857142857,0.4523809523809523,0.2761904761904762,0.5380952380952381,0.22857142857142856,0.24761904761904763,0.33809523809523806,0.4904761904761905
9/11/2020,0.27499999999999997,0.17083333333333336,0.3625,0.17500000000000002,0.3791666666666668,0.1291666666666667,0.275,0.2208333333333333,0.3333333333333333
9/12/2020,0.2791666666666666,0.22916666666666666,0.21666666666666667,0.2,0.2916666666666667,0.19583333333333333,0.25000000000000006,0.22083333333333333,0.21666666666666667
9/13/2020,0.15833333333333335,0.12083333333333336,0.15000000000000005,0.075,0.15833333333333338,0.1041666666666667,0.16666666666666674,0.1583333333333334,0.1291666666666667
9/14/2020,0.37083333333333335,0.1583333333333334,0.4124999999999999,0.1333333333333334,0.3263157894736842,0.1458333333333334,0.27083333333333337,0.25000000000000006,0.3333333333333333
9/15/2020,0.2625,0.24583333333333332,0.2708333333333333,0.22499999999999998,0.3272727272727272,0.19999999999999996,0.13913043478260875,0.25833333333333336,0.25
9/16/2020,0.1142857142857143,0.1428571428571429,0.1285714285714286,0.1666666666666667,0.2047619047619047,0.19047619047619055,0.12777777777777782,0.15238095238095237,0.18095238095238092
9/17/2020,0.22916666666666666,0.23333333333333328,0.24583333333333332,0.25,0.2625,0.19166666666666668,0.2708333333333333,0.2833333333333334,0.25416666666666665
9/18/2020,0.25416666666666665,0.22916666666666663,0.39523809523809517,0.21666666666666667,0.35000000000000003,0.17499999999999996,0.3130434782608696,0.325,0.39166666666666666
9/19/2020,0.28333333333333327,0.23750000000000002,0.26666666666666666,0.10416666666666669,0.44583333333333336,0.1333333333333334,0.40416666666666673,0.32083333333333336,0.35000000000000003
9/20/2020,0.28333333333333327,0.26249999999999996,0.21666666666666665,0.10833333333333339,0.4291666666666667,0.17916666666666667,0.3217391304347825,0.27083333333333337,0.30833333333333335
9/21/2020,0.49583333333333335,0.3708333333333334,0.32916666666666666,0.2041666666666667,0.5333333333333333,0.2625,0.30416666666666664,0.42916666666666664,0.42500000000000004
9/22/2020,0.4666666666666668,0.41904761904761906,0.580952380952381,0.38095238095238093,0.39523809523809517,0.3047619047619048,0.44285714285714295,0.29090909090909084,0.49523809523809526
9/23/2020,0.3291666666666666,0.3708333333333334,0.4291666666666667,0.25714285714285706,0.39166666666666655,0.22499999999999998,0.24166666666666667,0.30416666666666664,0.38749999999999996
9/24/2020,0.3458333333333334,0.26666666666666666,0.40416666666666673,0.24166666666666667,0.3958333333333333,0.26499999999999996,0.26666666666666666,0.21250000000000005,0.4208333333333334
9/25/2020,0.4875000000000001,0.36666666666666664,0.3,0.3499999999999999,0.4375,0.3375000000000001,0.3083333333333334,0.3333333333333333,0.5333333333333333
9/26/2020,0.5833333333333335,0.3458333333333334,0.0,0.3500000000000001,0.7041666666666667,0.36250000000000004,0.3416666666666666,0.4375,0.65
9/27/2020,0.3916666666666668,0.3083333333333333,0.0,0.2916666666666667,0.5624999999999999,0.21666666666666667,0.37916666666666665,0.3666666666666667,0.588235294117647
9/28/2020,0.3809523809523809,0.23333333333333317,0.0,0.2047619047619047,0.43809523809523787,0.15238095238095242,0.2952380952380952,0.26190476190476175,0.3809523809523808
9/29/2020,0.17619047619047623,0.19999999999999998,0.0,0.22916666666666666,0.2608695652173913,0.13333333333333336,0.24583333333333335,0.21250000000000002,0.2833333333333334
9/30/2020,0.30416666666666664,0.30416666666666664,0.0,0.30416666666666675,0.35416666666666674,0.2708333333333333,0.3708333333333334,0.3625,0.22000000000000003
10/1/2020,0.3125,0.2999999999999999,0.375,0.3083333333333333,0.3875,0.21249999999999994,0.35000000000000003,0.3416666666666666,0.2916666666666666
10/2/2020,0.21666666666666667,0.1333333333333334,0.2874999999999999,0.1541666666666667,0.15416666666666673,0.1583333333333334,0.24166666666666656,0.25416666666666654,0.19166666666666657
10/3/2020,0.17500000000000004,0.13750000000000004,0.18750000000000003,0.18333333333333332,0.1791666666666667,0.19166666666666676,0.1863636363636364,0.21250000000000005,0.07500000000000001
10/4/2020,0.10000000000000002,0.10952380952380954,0.19047619047619052,0.14761904761904768,0.15263157894736848,0.1142857142857143,0.20476190476190484,0.21428571428571427,0.1047619047619048
10/5/2020,0.18333333333333338,0.13750000000000007,0.27499999999999997,0.19166666666666676,0.23333333333333336,0.1708333333333334,0.2625,0.29166666666666674,0.2916666666666667
10/6/2020,0.24583333333333324,0.2374999999999999,0.36666666666666653,0.24583333333333332,0.30416666666666664,0.275,0.3916666666666668,0.39999999999999974,0.37500000000000017
10/7/2020,0.40416666666666673,0.30416666666666675,0.4958333333333334,0.2916666666666667,0.42916666666666675,0.21666666666666667,0.5416666666666667,0.43333333333333335,0.47083333333333344
10/8/2020,0.45,0.38749999999999996,0.45416666666666655,0.38260869565217387,0.4125000000000001,0.24166666666666667,0.39166666666666666,0.3375000000000001,0.44583333333333336
10/9/2020,0.2818181818181818,0.34166666666666673,0.5375,0.28333333333333327,0.34166666666666673,0.29583333333333334,0.40416666666666673,0.32916666666666666,0.4083333333333334
10/10/2020,0.36190476190476195,0.24285714285714297,0.43809523809523815,0.23809523809523814,0.5523809523809525,0.25714285714285723,0.3666666666666667,0.2952380952380953,0.3190476190476191
10/11/2020,0.23333333333333342,0.20000000000000004,0.4000000000000001,0.19999999999999998,0.3333333333333333,0.2041666666666667,0.29130434782608694,0.25,0.2791666666666666
10/12/2020,0.49166666666666664,0.24583333333333335,0.6125000000000002,0.32083333333333336,0.2791666666666667,0.3083333333333334,0.23913043478260873,0.21666666666666665,0.32916666666666666
10/13/2020,0.2708333333333332,0.2083333333333333,0.5125000000000001,0.2217391304347826,0.40833333333333344,0.0,0.38333333333333325,0.37083333333333335,0.33749999999999997
10/14/2020,0.20833333333333334,0.2166666666666667,0.41250000000000014,0.25,0.27499999999999997,0.0,0.25,0.23157894736842108,0.22083333333333335
10/15/2020,0.5,0.2083333333333333,0.4708333333333334,0.20833333333333323,0.32916666666666655,0.0,0.3791666666666666,0.35833333333333317,0.48999999999999994
10/16/2020,0.29047619047619044,0.18947368421052638,0.457142857142857,0.16842105263157894,0.24761904761904763,0.0,0.24545454545454548,0.2714285714285713,0.35238095238095235
10/17/2020,0.23750000000000002,0.19166666666666665,0.34583333333333327,0.1583333333333333,0.25000000000000006,0.0,0.20833333333333337,0.18333333333333332,0.18333333333333338
10/18/2020,0.5166666666666667,0.3375000000000001,0.5708333333333334,0.2708333333333333,0.5208333333333334,0.0,0.31250000000000006,0.42500000000000004,0.3791666666666666
10/19/2020,0.4083333333333332,0.4041666666666665,0.47916666666666674,0.3136363636363636,0.38695652173913053,0.0,0.3,0.39166666666666655,0.3416666666666666
10/20/2020,0.33749999999999997,0.17619047619047623,0.38333333333333314,0.14500000000000005,0.27916666666666673,0.0,0.24782608695652175,0.26249999999999996,0.2499999999999999
10/21/2020,0.33749999999999997,0.17916666666666672,0.37083333333333335,0.1454545454545455,0.22916666666666674,0.0,0.2833333333333334,0.22083333333333335,0.1541666666666667
10/22/2020,0.3999999999999999,0.3333333333333333,0.4333333333333333,0.3523809523809524,0.39999999999999997,0.0,0.27142857142857146,0.3238095238095238,0.0
10/23/2020,0.4249999999999999,0.2749999999999999,0.6,0.2458333333333332,0.7782608695652173,0.0,0.2952380952380953,0.27083333333333326,0.5
10/24/2020,0.2958333333333333,0.20416666666666672,0.5374999999999998,0.2625,0.3541666666666665,0.0,0.36666666666666664,0.3708333333333332,0.44583333333333325
10/25/2020,0.21666666666666667,0.2041666666666667,0.4208333333333334,0.20416666666666672,0.5041666666666665,0.0,0.3875,0.37499999999999994,0.3666666666666667
10/26/2020,0.5458333333333333,0.30416666666666664,0.6916666666666665,0.42500000000000004,0.7416666666666667,0.0,0.3708333333333333,0.3458333333333334,0.5958333333333333
10/27/2020,0.5666666666666665,0.19999999999999996,0.7125,0.4000000000000001,0.6541666666666667,0.0,0.2684210526315789,0.3458333333333334,0.46666666666666673
10/28/2020,0.49523809523809526,0.3047619047619048,0.6619047619047619,0.2571428571428572,0.44000000000000006,0.0,0.3333333333333333,0.2857142857142857,0.4523809523809524
10/29/2020,0.4916666666666669,0.3,0.5590909090909093,0.28333333333333327,0.5249999999999999,0.0,0.4541666666666668,0.26249999999999996,0.4250000000000001
10/30/2020,0.23333333333333336,0.1625,0.3666666666666667,0.21250000000000002,0.23750000000000004,0.0,0.29166666666666663,0.1958333333333333,0.18333333333333332
10/31/2020,0.39166666666666666,0.2583333333333333,0.4500000000000001,0.16250000000000003,0.2652173913043478,0.0,0.3375000000000001,0.2625,0.2333333333333333
11/1/2020,0.19090909090909094,0.23333333333333314,0.34583333333333327,0.20833333333333337,0.22083333333333333,0.0,0.32083333333333325,0.2666666666666666,0.2041666666666667
11/2/2020,0.13333333333333336,0.09166666666666669,0.1333333333333334,0.12500000000000003,0.20000000000000004,0.0,0.13333333333333336,0.09583333333333337,0.12083333333333336
11/3/2020,0.22857142857142856,0.1619047619047619,0.29500000000000004,0.2619047619047619,0.4400000000000001,0.0,0.29999999999999993,0.22631578947368416,0.30999999999999994
11/4/2020,0.2916666666666667,0.25,0.34583333333333327,0.325,0.41666666666666674,0.0,0.39166666666666666,0.2625,0.3368421052631579
11/5/2020,0.30416666666666664,0.23750000000000004,0.30416666666666664,0.31666666666666665,0.4041666666666668,0.0,0.3217391304347826,0.2333333333333333,0.3333333333333334
11/6/2020,0.5083333333333333,0.2291666666666666,0.4291666666666667,0.5041666666666668,0.25,0.0,0.25,0.3166666666666667,0.3416666666666666
11/7/2020,0.425,0.2722222222222222,0.40416666666666673,0.5666666666666667,0.32499999999999996,0.42916666666666675,0.43478260869565216,0.38333333333333336,0.4166666666666667
11/8/2020,0.49999999999999994,0.17500000000000004,0.5749999999999998,0.4124999999999999,0.7458333333333335,0.24583333333333335,0.4874999999999999,0.4916666666666667,0.6041666666666669
11/9/2020,0.35714285714285715,0.35714285714285715,0.6095238095238096,0.47142857142857153,0.5952380952380952,0.4142857142857143,0.41428571428571426,0.40476190476190477,0.4095238095238094
11/10/2020,0.4416666666666666,0.3166666666666667,0.5086956521739131,0.4416666666666666,0.5958333333333334,0.3458333333333334,0.4304347826086956,0.4666666666666666,0.5083333333333333
11/11/2020,0.7416666666666667,0.3958333333333333,0.6749999999999997,0.5208333333333333,0.5904761904761904,0.44583333333333325,0.37916666666666665,0.42500000000000004,0.4124999999999999
11/12/2020,0.6250000000000001,0.3958333333333333,0.5458333333333333,0.48750000000000004,0.5583333333333332,0.4541666666666668,0.4652173913043477,0.4041666666666666,0.35833333333333334
11/13/2020,0.5874999999999999,0.25833333333333336,0.6958333333333333,0.4041666666666666,0.8800000000000001,0.40833333333333327,0.48750000000000004,0.425,0.5666666666666665
11/14/2020,0.4166666666666666,0.37499999999999994,0.6625000000000001,0.5208333333333333,0.8541666666666665,0.4708333333333334,0.4625000000000001,0.4625000000000001,0.4249999999999999
11/15/2020,0.26190476190476175,0.219047619047619,0.8761904761904763,0.23333333333333334,0.5619047619047618,0.19047619047619055,0.39047619047619053,0.3571428571428571,0.3761904761904762
11/16/2020,0.12500000000000006,0.07916666666666669,0.2708333333333333,0.1458333333333334,0.18750000000000003,0.13750000000000007,0.15000000000000002,0.16250000000000006,0.16250000000000006
11/17/2020,0.22499999999999998,0.12083333333333335,0.4166666666666669,0.15000000000000002,0.2826086956521739,0.15500000000000005,0.20833333333333334,0.21666666666666667,0.225
11/18/2020,0.31250000000000006,0.15833333333333338,0.5333333333333333,0.22499999999999995,0.2608695652173913,0.16666666666666666,0.2833333333333333,0.2708333333333333,0.2958333333333333
11/19/2020,0.4125000000000001,0.2208333333333333,0.5958333333333333,0.3166666666666667,0.32916666666666666,0.2583333333333333,0.28571428571428575,0.2791666666666667,0.46666666666666673
11/20/2020,0.5666666666666667,0.37083333333333335,0.6625,0.4500000000000001,0.5666666666666667,0.36666666666666664,0.17083333333333336,0.31666666666666676,0.5125
11/21/2020,0.17142857142857149,0.14761904761904768,0.4047619047619048,0.15238095238095242,0.28571428571428575,0.2,0.17500000000000004,0.21428571428571433,0.12380952380952384
11/22/2020,0.16250000000000003,0.22083333333333321,0.3208333333333333,0.20833333333333318,0.28750000000000003,0.2208333333333334,0.15416666666666667,0.24583333333333332,0.14583333333333337
11/23/2020,0.29583333333333334,0.2625,0.46249999999999997,0.3,0.35000000000000003,0.2541666666666666,0.32500000000000007,0.44583333333333336,0.29583333333333334
11/24/2020,0.7833333333333332,0.4291666666666667,0.79,0.46956521739130436,0.8791666666666665,0.32083333333333325,0.5565217391304348,0.6083333333333333,0.7624999999999998
11/25/2020,0.5650000000000001,0.375,0.7541666666666665,0.42083333333333345,1.0521739130434782,0.3041666666666667,0.4125000000000001,0.46111111111111114,0.6291666666666665
11/26/2020,0.8099999999999999,0.38333333333333347,0.6583333333333333,0.49166666666666675,0.8999999999999999,0.30416666666666664,0.3947368421052632,0.55,0.5565217391304348
11/27/2020,0.7952380952380952,0.30952380952380953,0.7285714285714285,0.38888888888888884,1.0571428571428572,0.9000000000000001,0.6666666666666666,0.6571428571428571,0.9428571428571428
11/28/2020,0.7291666666666665,0.4624999999999999,0.8416666666666665,0.3958333333333333,1.2291666666666663,0.4333333333333333,0.5833333333333334,0.5958333333333333,0.8624999999999999
11/29/2020,0.5416666666666666,0.4166666666666667,0.7416666666666667,0.39999999999999997,1.0125,0.32916666666666666,0.5291666666666667,0.6,0.6083333333333333
11/30/2020,0.2291666666666666,0.2708333333333333,0.4500000000000001,0.3363636363636364,0.4041666666666668,0.32916666666666666,0.32499999999999996,0.35416666666666674,0.38333333333333336
12/1/2020,0.325,0.37500000000000006,0.5375000000000001,0.26249999999999996,0.32916666666666655,0.2958333333333333,0.30416666666666664,0.36666666666666653,0.33999999999999997
12/2/2020,0.2875,0.25000000000000006,0.3958333333333333,0.1666666666666667,0.30416666666666664,0.15384615384615383,0.31249999999999994,0.23750000000000004,0.3333333333333333
12/3/2020,0.4476190476190475,0.2666666666666666,0.6952380952380953,0.2,0.6190476190476188,0.14444444444444446,0.21333333333333335,0.2666666666666667,0.4285714285714285
12/4/2020,0.8999999999999999,0.4333333333333333,0.6958333333333333,0.4791666666666666,0.3499999999999999,0.23749999999999996,0.28333333333333327,0.30416666666666664,0.4583333333333332
12/5/2020,0.7333333333333334,0.36666666666666653,0.6416666666666666,0.37916666666666665,0.19166666666666665,0.16250000000000003,0.2541666666666667,0.22500000000000006,0.3916666666666666
12/6/2020,0.0,0.2652173913043478,0.5083333333333335,0.20000000000000004,0.6478260869565218,0.1958333333333334,0.3416666666666665,0.2958333333333332,0.39999999999999997
12/7/2020,0.0,0.3166666666666667,0.49583333333333335,0.3541666666666667,0.255,0.3458333333333334,0.23333333333333336,0.24166666666666667,0.35000000000000003
12/8/2020,0.3,0.35833333333333334,0.5625000000000001,0.3833333333333333,0.3208333333333334,0.32916666666666666,0.1571428571428571,0.32222222222222224,0.4416666666666667
12/9/2020,0.38095238095238093,0.4142857142857144,0.4666666666666668,0.43333333333333346,0.4904761904761905,0.3333333333333333,0.44761904761904764,0.0,0.47619047619047616
12/10/2020,0.6291666666666668,0.3875,0.5125000000000001,0.41428571428571426,0.6416666666666667,0.23749999999999996,0.41363636363636364,0.0,0.5250000000000002
12/11/2020,0.9090909090909094,0.39166666666666666,0.5375,0.43750000000000006,0.5750000000000001,0.29166666666666663,0.37916666666666665,0.0,0.3333333333333333
12/12/2020,0.7166666666666667,0.41666666666666674,0.6,0.47083333333333327,0.5791666666666666,0.25,0.3916666666666666,0.3625,0.45833333333333326
12/13/2020,0.8000000000000002,0.37916666666666665,0.5583333333333332,0.3291666666666666,0.42083333333333334,0.1625,0.325,0.2541666666666666,0.45
12/14/2020,0.39999999999999997,0.29999999999999993,0.3083333333333333,0.31666666666666665,0.3916666666666666,0.20833333333333334,0.2421052631578947,0.2833333333333332,0.2708333333333333
12/15/2020,0.6523809523809524,0.30952380952380953,0.44761904761904764,0.30476190476190473,0.5761904761904761,0.15238095238095242,0.34761904761904755,0.30476190476190473,0.3619047619047619
12/16/2020,0.5750000000000001,0.2833333333333333,0.4333333333333332,0.39999999999999997,0.5625000000000001,0.26666666666666666,0.38695652173913037,0.36666666666666653,0.4
12/17/2020,0.5875000000000002,0.2291666666666666,0.4375,0.35833333333333345,0.5541666666666666,0.2625,0.42916666666666664,0.35833333333333334,0.32499999999999996
12/18/2020,0.7041666666666667,0.4083333333333334,0.5374999999999999,0.4958333333333334,0.7166666666666668,0.22916666666666663,0.38749999999999996,0.4416666666666667,0.4708333333333335
12/19/2020,0.525,0.4166666666666667,0.5375,0.46249999999999997,0.7125,0.25416666666666665,0.5416666666666669,0.4541666666666668,0.4041666666666666
12/20/2020,0.3166666666666666,0.19999999999999993,0.1958333333333333,0.3083333333333333,0.47083333333333327,0.19166666666666665,0.26666666666666666,0.3583333333333334,0.2041666666666667
12/21/2020,0.5333333333333333,0.2904761904761905,0.3666666666666667,0.33333333333333337,0.40476190476190466,0.3571428571428572,0.3095238095238095,0.37142857142857144,0.38095238095238093
12/22/2020,0.5875,0.33749999999999997,0.5041666666666667,0.37500000000000006,0.3791666666666667,0.2791666666666666,0.41304347826086957,0.4666666666666666,0.4875
12/23/2020,0.8875000000000001,0.4249999999999999,0.9083333333333333,0.42083333333333334,0.6750000000000003,0.3416666666666666,0.425,0.4875,0.5833333333333334
12/24/2020,0.7416666666666666,0.35833333333333334,0.6857142857142858,0.4458333333333333,0.7458333333333332,0.37916666666666665,0.5782608695652175,0.6541666666666667,0.5833333333333335
12/25/2020,0.30416666666666664,0.1541666666666667,0.1791666666666667,0.2333333333333333,0.3652173913043478,0.31666666666666665,0.325,0.35000000000000003,0.19999999999999998
12/26/2020,0.5375,0.3124999999999999,0.4458333333333333,0.1791666666666667,0.6666666666666666,0.1565217391304348,0.37499999999999994,0.3541666666666667,0.45652173913043465
12/27/2020,0.4666666666666667,0.24761904761904768,0.5047619047619046,0.31999999999999995,0.7047619047619047,0.30000000000000004,0.4761904761904761,0.5476190476190477,0.45714285714285713
12/28/2020,0.49545454545454537,0.3083333333333334,0.7136363636363636,0.30000000000000004,1.0454545454545454,0.32916666666666666,0.45,0.8083333333333335,0.6260869565217392
12/29/2020,0.4875,0.4791666666666666,0.8125000000000001,0.4958333333333333,0.7999999999999999,0.44583333333333347,0.7166666666666667,0.6583333333333333,0.6499999999999999
12/30/2020,0.5708333333333334,0.2749999999999999,0.7083333333333331,0.26666666666666655,0.18750000000000003,0.3166666666666667,0.375,0.3874999999999998,0.31249999999999994
12/31/2020,0.23750000000000002,0.10833333333333334,0.23750000000000002,0.20000000000000004,0.25,0.26666666666666666,0.0,0.1125,0.125
1/1/2021,0.59375,0.34583333333333327,0.5475,0.42291666666666655,0.35749999999999993,0.2708333333333333,0.32,0.39958333333333323,0.2845833333333333
1/2/2021,0.8899999999999999,0.45142857142857135,0.679047619047619,0.32904761904761903,0.66,0.36999999999999994,0.4799999999999999,0.4380952380952382,0.5666666666666667
1/3/2021,0.8029166666666666,0.32541666666666663,0.5933333333333333,0.25291666666666673,0.5266666666666667,0.3079166666666666,0.24388888888888882,0.2975,0.48874999999999996
1/4/2021,0.7158333333333332,0.38250000000000006,0.7820833333333334,0.4683333333333332,0.7912499999999999,0.38291666666666674,0.66625,0.6704166666666667,0.6745454545454544
1/5/2021,0.6779166666666666,0.3679166666666667,0.5529166666666668,0.3970833333333334,0.7891666666666665,0.31625000000000003,0.47625000000000006,0.5479166666666667,0.6304166666666667
1/6/2021,0.8783333333333333,0.32666666666666666,0.7383333333333332,0.3979166666666667,1.0458333333333332,0.2804166666666667,0.4470833333333333,0.5341666666666667,0.6433333333333334
1/7/2021,0.45291666666666663,0.27958333333333335,0.4216666666666667,0.385,0.4283333333333334,0.34583333333333327,0.3794444444444445,0.4970833333333333,0.4008333333333333
1/8/2021,0.5866666666666666,0.30000000000000004,0.5857142857142859,0.30619047619047624,0.8704761904761904,0.2923809523809523,0.48714285714285716,0.4680952380952382,0.5604761904761904
1/9/2021,0.5991666666666668,0.2933333333333333,0.44374999999999987,0.29833333333333334,0.5816666666666667,0.25666666666666665,0.36625,0.3579166666666667,0.3870833333333333
1/10/2021,0.33249999999999996,0.2545833333333332,0.3254166666666667,0.28375,0.2758333333333333,0.1529166666666667,0.16541666666666668,0.23374999999999999,0.2004166666666667
1/11/2021,0.5187499999999999,0.27791666666666665,0.35624999999999996,0.28250000000000003,0.34249999999999997,0.26458333333333334,0.37863636363636366,0.36875000000000013,0.36125
1/12/2021,0.6262500000000001,0.25625000000000003,0.5583333333333335,0.30125,0.17833333333333332,0.22833333333333336,0.23708333333333334,0.20208333333333336,0.23041666666666663
1/13/2021,0.7433333333333332,0.38833333333333336,0.69875,0.4349999999999999,0.7004166666666666,0.4045833333333333,0.3133333333333333,0.6279166666666667,0.49583333333333335
1/14/2021,0.6061904761904761,0.3076190476190477,0.6566666666666667,0.3804761904761905,0.47071428571428575,0.24761904761904763,0.0,0.42619047619047623,0.5395238095238094
1/15/2021,0.72125,0.4070833333333333,0.7220833333333335,0.38833333333333336,0.8241666666666666,0.3610526315789474,0.4554166666666668,0.5008333333333332,0.6033333333333334
1/16/2021,0.5204166666666666,0.3858333333333333,0.5170833333333333,0.3433333333333333,0.4595833333333333,0.24583333333333335,0.37333333333333335,0.41583333333333333,0.4579166666666666
1/17/2021,0.43791666666666673,0.34125,0.5254166666666666,0.35958333333333337,0.68125,0.15083333333333332,0.29083333333333333,0.38208333333333333,0.38833333333333325
1/18/2021,0.8049999999999998,0.5733333333333334,0.9445833333333334,0.5058333333333334,1.0,0.2608333333333333,0.46208333333333335,0.7158333333333332,1.04375
1/19/2021,0.7770833333333335,0.38375000000000004,0.7641666666666667,0.4133333333333334,0.8554166666666664,0.27291666666666675,0.3529166666666667,0.46076923076923076,0.5466666666666666
1/20/2021,0.297,0.3138095238095237,0.530952380952381,0.38476190476190475,0.4600000000000001,0.24952380952380954,0.349047619047619,0.3661904761904762,0.0
1/21/2021,0.7045833333333332,0.34958333333333336,0.7371428571428571,0.3279166666666667,0.5575,0.23458333333333337,0.4304166666666667,0.2666666666666667,0.0
1/22/2021,0.7775,0.42749999999999994,0.7699999999999999,0.39625,0.995,0.1795833333333334,0.4429166666666666,0.28250000000000003,0.32
1/23/2021,0.7562500000000002,0.3683333333333334,0.8825000000000002,0.35041666666666665,0.6479166666666667,0.25958333333333333,0.42631578947368426,0.32416666666666666,0.45833333333333326
1/24/2021,0.7383333333333332,0.38500000000000006,0.6391666666666668,0.33,0.6370833333333333,0.2429166666666667,0.37416666666666676,0.27249999999999996,0.3
1/25/2021,0.6425,0.28874999999999995,0.6870833333333333,0.27625,0.8280000000000001,0.1679166666666667,0.30624999999999997,0.3204166666666666,0.42916666666666653
1/26/2021,0.5604761904761905,0.2785714285714286,0.7352380952380954,0.0,0.7490476190476191,0.2136842105263158,0.4085714285714285,0.2733333333333333,0.0
1/27/2021,0.4783333333333333,0.27458333333333335,0.7512499999999999,0.0,0.9750000000000002,0.19166666666666668,0.4683333333333333,0.4538095238095238,0.0
1/28/2021,0.19375,0.125,0.37625000000000003,0.23375,0.3095652173913043,0.1645833333333333,0.23374999999999999,0.17041666666666666,0.0
1/29/2021,0.5745833333333333,0.29125000000000006,0.5779166666666667,0.3725,0.43291666666666667,0.39791666666666675,0.4116666666666668,0.36000000000000004,0.0
1/30/2021,0.6866666666666666,0.3937500000000001,0.8312499999999999,0.3770833333333334,0.6120833333333333,0.36166666666666675,0.6762500000000001,0.42875,0.0
1/31/2021,0.3145833333333334,0.18333333333333326,0.4924999999999999,0.2325,0.5750000000000001,0.17333333333333334,0.4175,0.30791666666666667,0.0
2/1/2021,0.16333333333333333,0.1776190476190476,0.3676190476190477,0.2014285714285714,0.23095238095238094,0.20523809523809522,0.1811111111111111,0.17285714285714285,0.0
2/2/2021,0.3833333333333333,0.42249999999999993,0.5766666666666668,0.42750000000000005,0.5579166666666667,0.4035,0.305,0.5775,0.0
2/3/2021,0.6104166666666667,0.38125000000000003,0.7320833333333333,0.35608695652173916,0.8295833333333335,0.2691304347826086,0.4008333333333334,0.66375,0.0
2/4/2021,0.8720833333333333,0.5354166666666668,1.0454166666666669,0.4416666666666667,0.9408333333333331,0.3684210526315789,0.38833333333333336,0.5691666666666667,0.0
2/5/2021,0.8858333333333333,0.5733333333333334,0.8566666666666666,0.4941666666666668,0.9955555555555556,0.30875,0.33791666666666664,0.65375,0.0
2/6/2021,0.4891666666666666,0.4066666666666666,0.5504166666666667,0.3004166666666668,0.5437500000000001,0.22000000000000003,0.28041666666666665,0.4666666666666666,0.0
2/7/2021,0.29761904761904756,0.3595238095238095,0.31761904761904763,0.4004761904761905,0.5633333333333332,0.3223809523809524,0.34550000000000003,0.40238095238095245,0.0
2/8/2021,0.5679166666666667,0.33541666666666664,0.49999999999999983,0.27875,0.6599999999999998,0.2075,0.29826086956521736,0.29124999999999995,0.0
2/9/2021,0.4095833333333334,0.3908333333333334,0.5979166666666668,0.3925,0.8791666666666665,0.3145833333333333,0.3591666666666667,0.43541666666666673,0.0
2/10/2021,0.7629166666666665,0.42375000000000007,0.8104166666666668,0.3745833333333333,0.6599999999999998,0.36291666666666655,0.31750000000000006,0.42500000000000004,0.0
2/11/2021,0.6333333333333334,0.3008333333333334,0.7234782608695652,0.36541666666666667,0.4676190476190477,0.24250000000000005,0.19173913043478258,0.2954166666666666,0.0
2/12/2021,0.48125,0.22130434782608696,0.4312499999999999,0.22333333333333327,0.35166666666666674,0.17304347826086955,0.21826086956521742,0.2025,0.0
2/13/2021,0.2976190476190476,0.2880952380952381,0.26857142857142857,0.21857142857142856,0.20714285714285716,0.24380952380952378,0.1285714285714286,0.1842857142857143,0.0
2/14/2021,0.31625,0.3212500000000001,0.23875000000000002,0.28958333333333325,0.3466666666666666,0.2916666666666667,0.17208333333333334,0.26375,0.0
2/15/2021,0.39125000000000004,0.22458333333333336,0.4529166666666667,0.27958333333333335,0.4521739130434782,0.25,0.27249999999999996,0.3691666666666667,0.0
2/16/2021,0.46541666666666665,0.22124999999999997,0.5945833333333334,0.2645,0.4615,0.21083333333333332,0.19083333333333338,0.26619047619047614,0.0
2/17/2021,0.38208333333333333,0.2654166666666667,0.43291666666666667,0.26875,0.13083333333333333,0.2270833333333334,0.30666666666666664,0.18749999999999997,0.0
2/18/2021,0.9379166666666666,0.32583333333333336,0.8383333333333334,0.4083333333333334,0.4808333333333333,0.3552173913043478,0.4079166666666667,0.28375000000000006,0.0
2/19/2021,0.5052380952380953,0.4619047619047619,0.7004761904761906,0.5052380952380953,0.4866666666666667,0.4547619047619047,0.35857142857142854,0.37285714285714283,0.0
2/20/2021,0.54625,0.3091666666666667,0.5404166666666667,0.3454166666666667,0.58625,0.30199999999999994,0.3133333333333333,0.28791666666666665,0.0
2/21/2021,0.5399999999999999,0.29624999999999996,0.5004166666666667,0.3104166666666667,0.5937500000000001,0.3145833333333333,0.2783333333333334,0.4116666666666666,0.0
2/22/2021,0.43772727272727285,0.32624999999999993,0.5617391304347826,0.3854166666666666,0.6166666666666667,0.2575,0.32875000000000004,0.45291666666666663,0.0
2/23/2021,0.31666666666666665,0.30416666666666664,0.3445833333333333,0.3765217391304348,0.42250000000000004,0.33416666666666656,0.22166666666666668,0.34874999999999995,0.0
2/24/2021,0.4843478260869565,0.2108333333333334,0.42458333333333337,0.2220833333333334,0.5179166666666666,0.19043478260869565,0.30416666666666664,0.41624999999999995,0.0
2/25/2021,0.5366666666666665,0.2566666666666667,0.49523809523809526,0.33238095238095233,0.710952380952381,0.5044444444444446,0.3480952380952381,0.3295238095238095,0.0
2/26/2021,0.7005263157894737,0.33375,0.6569565217391304,0.47875000000000006,0.48434782608695637,0.325,0.5199999999999999,0.2791666666666667,0.7477777777777779
2/27/2021,0.5704166666666667,0.3070833333333333,0.5958333333333332,0.36833333333333335,0.6154166666666667,0.3000000000000001,0.41874999999999996,0.425,0.7483333333333332
2/28/2021,0.5054166666666667,0.22624999999999992,0.53875,0.2866666666666667,0.6383333333333333,0.2791666666666666,0.2945833333333332,0.3133333333333333,0.5945833333333335
3/1/2021,0.48249999999999993,0.2579166666666666,0.7025,0.34541666666666665,0.70375,0.28208333333333335,0.26291666666666674,0.2816666666666667,0.6620833333333335
3/2/2021,0.2860869565217391,0.26375,0.4229166666666668,0.23550000000000004,0.6675,0.2716666666666668,0.4230434782608694,0.21041666666666667,0.4975000000000001
3/3/2021,0.4176190476190475,0.30000000000000004,0.3795238095238095,0.2305263157894737,0.26761904761904765,0.16928571428571423,0.5361904761904763,0.33809523809523806,0.38904761904761914
3/4/2021,0.3950000000000001,0.18666666666666665,0.40583333333333327,0.30375,0.38874999999999993,0.0,0.56625,0.31250000000000006,0.44749999999999995
3/5/2021,0.4604166666666667,0.2333333333333334,0.5575000000000002,0.34583333333333327,0.5375000000000001,0.0,0.7246153846153847,0.40818181818181815,0.4854545454545456
3/6/2021,0.26625,0.25666666666666665,0.30124999999999996,0.29583333333333334,0.25666666666666665,0.0,0.0,0.36624999999999996,0.1873913043478261
3/7/2021,0.3843478260869566,0.2733333333333333,0.3008333333333333,0.315,0.4091666666666667,0.0,0.0,0.3637500000000001,0.32434782608695656
3/8/2021,0.3730434782608697,0.29375,0.3645833333333333,0.36166666666666664,0.3362500000000001,0.0,0.0,0.3129166666666667,0.33666666666666667
3/9/2021,0.36238095238095236,0.39809523809523817,0.4557142857142858,0.39714285714285713,0.278,0.0,0.0,0.3928571428571428,0.2814285714285715
3/10/2021,0.5399999999999999,0.3329166666666667,0.5674999999999999,0.30695652173913046,0.6737500000000001,0.0,0.0,0.5254166666666666,0.5783333333333334
3/11/2021,0.6445833333333334,0.31124999999999997,0.6521052631578946,0.29583333333333334,0.5843478260869565,0.275,0.0,0.5116666666666667,0.5887500000000001
3/12/2021,0.6516666666666666,0.2325,0.38625,0.31708333333333344,0.515,0.3391666666666666,0.0,0.4841666666666667,0.4545833333333333
3/13/2021,0.5400000000000001,0.2933333333333333,0.3587499999999999,0.3513043478260869,0.36625,0.43124999999999997,0.0,0.46374999999999994,0.36708333333333343
3/14/2021,0.45083333333333336,0.20874999999999996,0.35625,0.23375,0.5249999999999999,0.365,0.0,0.4504347826086957,0.33217391304347826
3/15/2021,0.4533333333333333,0.18904761904761902,0.40761904761904755,0.3752380952380952,0.3342857142857143,0.2652380952380953,0.0,0.3814285714285715,0.35190476190476194
3/16/2021,0.345,0.2466666666666667,0.4074999999999999,0.355,0.5417391304347826,0.2086956521739131,0.0,0.3991666666666666,0.4249999999999999
3/17/2021,0.4220833333333333,0.19250000000000003,0.34125000000000005,0.2845833333333333,0.27666666666666667,0.23772727272727268,0.0,0.3066666666666667,0.28416666666666673
3/18/2021,0.2025,0.17499999999999996,0.31708333333333333,0.2075,0.3183333333333334,0.2895833333333333,0.0,0.11875000000000002,0.2504166666666667
3/19/2021,0.34166666666666673,0.3145833333333333,0.4058333333333333,0.31416666666666665,0.5004166666666668,0.42291666666666666,0.0,0.26874999999999993,0.33208333333333334
3/20/2021,0.3945833333333333,0.2833333333333333,0.4212500000000001,0.21208333333333337,0.5225000000000001,0.38125000000000003,0.0,0.3404347826086957,0.34333333333333343
3/21/2021,0.31571428571428567,0.30571428571428566,0.4112500000000001,0.24571428571428572,0.5500000000000002,0.33333333333333326,0.0,0.33809523809523817,0.2785714285714286
3/22/2021,0.3665,0.3354166666666667,0.3725,0.2608333333333333,0.3604347826086957,0.21875,0.0,0.3466666666666667,0.2870833333333333
3/23/2021,0.3941666666666666,0.34,0.3608333333333334,0.28375000000000006,0.4158333333333333,0.1641666666666667,0.0,0.2854166666666667,0.34916666666666657
3/24/2021,0.37291666666666656,0.2529166666666666,0.4120833333333333,0.24458333333333335,0.47850000000000004,0.2258333333333334,0.0,0.3620833333333333,0.42166666666666647
3/25/2021,0.5120833333333333,0.3266666666666667,0.5525,0.2525,0.5256521739130434,0.20304347826086958,0.0,0.5479166666666667,0.5533333333333333
3/26/2021,0.5683333333333332,0.84125,0.6179166666666666,0.43250000000000005,0.41904761904761917,0.28375,0.0,0.49347826086956514,0.4912499999999999
3/27/2021,0.5328571428571428,0.0,0.5299999999999999,0.30904761904761907,0.6771428571428573,0.0,0.5205882352941177,0.43952380952380954,0.5790476190476189
3/28/2021,0.35333333333333333,0.0,0.3716666666666666,0.18083333333333337,0.4883333333333333,0.0,0.4033333333333333,0.3916666666666666,0.4616666666666666
3/29/2021,0.27458333333333335,0.0,0.27208333333333334,0.2379166666666667,0.2325,0.0,0.23565217391304347,0.3316666666666667,0.31083333333333335
3/30/2021,0.44708333333333333,0.24333333333333335,0.41416666666666674,0.2495833333333333,0.35708333333333336,0.0,0.3708333333333333,0.405,0.4475
3/31/2021,0.31875,0.21888888888888888,0.33652173913043476,0.19041666666666668,0.0,0.0,0.34041666666666676,0.39999999999999997,0.4495833333333334
